Workbook

Sheet ROSTER
B1: ROSTER SQ1 | C1: HL8082 | D1: 31CC | AJ1: A872
C2: A862 | D2: A02
C3: A869 | F3: ENGCHG | AJ3: A879
B4: 5 | C4: A864 | I4: A10+OOP | AJ4: A864
B5: 2026 | C5: A863 | K5: A11 | AJ5: A879
C6: A873 | P6: A06+OOP | AJ6: A870
B7: HCM BASE MAINTENANCE CENTER | C7: A867 | M7: A08+OOP | AJ7: A866
C8: A871 | Y8: A01 | AJ8: A869
C9: A868 | X9: A02 | AI9: A869 | AJ9: A879
C10: A861 | Y10: A12+OOP+LDG+ENGCHG
C11: A872 | AE11: ENGCHG | AJ11: A397
C12: A615 | T12: EA17
C13: A507 | Y13: EA22
C14: A396 | Z14: EA20
C15: A877 | T15: ENG CHG
N17: AMOS ETL | O17: AMOS ETL | P17: SECT 4 | Q17: SECT 4 | AE17: SECT 4 | AF17: SECT 4
N18: ATVSLD | O18: ATVSLD | P18: AMOS ETL | Q18: AMOS ETL | R18: AMOS ETL | S18: AMOS ETL | Y18: ATHK | Z18: DIFF A321 | AA18: DIFF A321 | AB18: DIFF A321 | AC18: DIFF A321 | AD18: DIFF A321 | AE18: DIFF A321 | AF18: DIFF A321 | AG18: DIFF A321 | AH18: DIFF A321
N19: DIFF A321 | O19: DIFF A321 | P19: DIFF A321 | Q19: DIFF A321 | R19: DIFF A321 | S19: DIFF A321 | T19: DIFF A321 | U19: DIFF A321 | V19: DIFF A321 | W19: DIFF A321 | X19: DIFF A321 | Y19: EWIS | Z19: EWIS | AA19: EWIS | AB19: EWIS | AC19: EWIS | AD19: EWIS | AE19: EWIS
N20: PRAC 787 | O20: PRAC 787 | P20: PRAC 787 | Q20: PRAC 787 | R20: PRAC 787 | S20: PRAC 787 | T20: PRAC 787 | U20: PRAC 787 | V20: PRAC 787 | W20: PRAC 787 | X20: PRAC 787 | Y20: PRAC 787 | Z20: PRAC 787 | AA20: PRAC 787 | AB20: PRAC 787 | AC20: PRAC 787 | AD20: PRAC 787 | AE20: PRAC 787 2 | AF20: PRAC 787 2 | AG20: PRAC 787 2 | AH20: PRAC 787 2
G21: GD | I21: ATHK | K21: ATHK | L21: ATVSLD | N21: ATHK | P21: HF | Q21: ATVSLD | U21: ATVSLD | W21: ATVSLD | AB21: ATVSLD | AC21: ATVSLD | AF21: ATVSLD | AG21: ATVSLD
D22: CPH | H22: PUS | I22: PUS | K22: PUS/CPH | M22: PUS | N22: PUS | P22: PUS | Q22: PUS | R22: PUS | S22: PUS | U22: PUS | Y22: CPH | Z22: PUS | AC22: PUS | AE22: PUS | AF22: PUS | AG22: PUS | AH22: PUS
D23: =IFERROR(IF(WEEKDAY(D24)=1,"CN","T"&WEEKDAY(D24)),"") -> T6 | E23: =IFERROR(IF(WEEKDAY(E24)=1,"CN","T"&WEEKDAY(E24)),"") -> T7 | F23: =IFERROR(IF(WEEKDAY(F24)=1,"CN","T"&WEEKDAY(F24)),"") -> CN | G23: =IFERROR(IF(WEEKDAY(G24)=1,"CN","T"&WEEKDAY(G24)),"") -> T2 | H23: =IFERROR(IF(WEEKDAY(H24)=1,"CN","T"&WEEKDAY(H24)),"") -> T3 | I23: =IFERROR(IF(WEEKDAY(I24)=1,"CN","T"&WEEKDAY(I24)),"") -> T4 | J23: =IFERROR(IF(WEEKDAY(J24)=1,"CN","T"&WEEKDAY(J24)),"") -> T5 | K23: =IFERROR(IF(WEEKDAY(K24)=1,"CN","T"&WEEKDAY(K24)),"") -> T6 | ... AI23: =IFERROR(IF(WEEKDAY(AI24)=1,"CN","T"&WEEKDAY(AI24)),"") -> T2 | AJ23: Ngày Công | AK23: Chứng Chỉ | AL23: Số ĐT
A24: STT | B24: HỌ VÀ TÊN | C24: MÃ VAECO | D24: =DATE($B$5,$B$4,1) -> 46143 | E24: =D24+1 -> 46144 | F24: =E24+1 -> 46145 | G24: =F24+1 -> 46146 | H24: =G24+1 -> 46147 | I24: =H24+1 -> 46148 | J24: =I24+1 -> 46149 | K24: =J24+1 -> 46150 | L24: =K24+1 -> 46151 | ... AI24: =AH24+1 -> 46174 | AM24: Đào tạo/P/N | AN24: Số CC | AO24: Lấy WS 2024 | AP24: Vệ Sinh
A25: 1 | B25: Phạm Tấn Độ | C25: VAE02582 | D25: N/A | E25: N/A | F25: N/A | G25: N/A | H25: N/A | I25: N/A | J25: N/A | K25: N/A | L25: N/A | M25: N/A | N25: N/A | O25: N/A | P25: N/A | Q25: N/A | R25: N/A | S25: N/A | T25: N/A | U25: N/A | V25: N/A | W25: N/A | X25: N/A | Y25: N/A | Z25: N/A | AA25: N/A | AB25: ATVSLD | AC25: N/A | AD25: NVSP ZOOM | AE25: N/A | AF25: N/A | AG25: N/A | AH25: N/A | AI25: N/A | AJ25: =COUNTIFS(D25:AG25,"<>"&"?",D25:AG25,"<>"&"",D25:AG25,"<>"&"fe",D25:AG25,"<>"&"vn") -> 30 | AK25: B1 B787/A321 | AL25: 0765060613 | AN25: 482 AC
A26: 2 | B26: Nguyễn Đình Hiệt | C26: VAE00750 | D26: N | E26: N | F26: TD | G26: TD | H26: TD | I26: N | J26: TD | K26: TD | L26: TD | M26: N | N26: TD | O26: TD | P26: TD | Q26: TD | R26: TD | S26: N | T26: N | U26: TD | V26: TD | W26: TD | X26: TD | Y26: TD | Z26: TD | AA26: TD | AJ26: =COUNTIFS(D26:AG26,"<>"&"?",D26:AG26,"<>"&"",D26:AG26,"<>"&"fe",D26:AG26,"<>"&"vn") -> 18 | AK26: B2 B787/A321 | AL26: 0908206182 | AN26: 421 AC
A27: 1 | B27: Trần Hoàng Nhung | C27: VAE02591 | D27: HL8082-PPC | E27: HL8082-PPC | F27: HL8082-PPC | G27: HL8082-PPC | H27: HL8082-PPC | I27: A864-PPC | J27: N | K27: N | L27: N | M27: A867-PPC | N27: HOC ETL | O27: HOC ETL | P27: A873-PPC | Q27: A873-PPC | R27: A873-PPC | S27: A873-PPC | T27: N | U27: A877-PPC | V27: A877-PPC | W27: N | X27: A868-PPC | Y27: A861-PPC | Z27: A861-PPC | AA27: N | AB27: ATVSLD | AC27: AMOS OL | AD27: AMOS OL | AE27: AMOS OL | AF27: N | AG27: N | AH27: N | AJ27: =COUNTIFS(D27:AG27,"<>"&"?",D27:AG27,"<>"&"",D27:AG27,"<>"&"fe",D27:AG27,"<>"&"vn") -> 22 | AK27: PPC/EA787 | AL27: 0906852989 | AM27: NGHỈ 7,8,9,29,31/5
A28: 2 | B28: Lê Thanh Hải | C28: VAE02718 | D28: HL8082-34567 | E28: A869-FM | F28: HL8082-ALL | G28: N | H28: HL8082-ALL | I28: A864-FM | J28: A864-FM | K28: A863-FM | L28: N | M28: A867-FM | N28: A867-FM | O28: A867-FM | P28: A873-FM | Q28: N | R28: A873-FM | S28: A873-FM | T28: A615-FM | U28: N | V28: N | W28: P | X28: P | Y28: P | Z28: P | AA28: P | AB28: P | AC28: P | AJ28: =COUNTIFS(D28:AG28,"<>"&"?",D28:AG28,"<>"&"",D28:AG28,"<>"&"fe",D28:AG28,"<>"&"vn") -> 14 | AK28: B1 B787/A321 | AL28: 0979690783 | AN28: 489 AC | AR28: 0
A29: 3 | B29: Nguyễn Thành Vũ | C29: VAE02589 | D29: TD | E29: TD | F29: N | G29: TD | H29: TD | I29: TD | J29: TD | K29: TD | L29: TD | M29: TD | N29: N | O29: TD | P29: TD | Q29: FM | R29: TD | S29: TD | T29: TD | U29: N | V29: A877-FM | W29: N | X29: TD | Y29: TD | Z29: TD | AA29: N | AB29: TD | AC29: ATVSLD | AD29: TD | AE29: TD | AF29: TD | AG29: TD | AH29: N | AJ29: =COUNTIFS(D29:AG29,"<>"&"?",D29:AG29,"<>"&"",D29:AG29,"<>"&"fe",D29:AG29,"<>"&"vn") -> 25 | AK29: B1 B787/A321 | AL29: 0973339492 | AN29: 481 AC | AR29: 0
A30: 54 | B30: Nguyễn Đức Tuân | C30: VAE00732 | D30: HL8082-128 | E30: HL8082-ALL | F30: N | G30: HL8082-ALL | H30: HL8082-ALL | I30: HL8082-ALL | J30: N | K30: A863-34 | L30: A863-34567 | M30: A867-34567 | N30: A867-34567 | O30: A867-34567 | P30: HF | Q30: AMOS ETL | R30: Đ2 | S30: N | T30: N | U30: A877-ENG | V30: A877-ENG | W30: A877-FM | X30: N | Y30: A861- | Z30: N | AI30: FE | AJ30: =COUNTIFS(D30:AG30,"<>"&"?",D30:AG30,"<>"&"",D30:AG30,"<>"&"fe",D30:AG30,"<>"&"vn") -> 17 | AK30: B1 B787/ATR/A321 | AL30: 0979747380 | AN30: 569 AC | AR30: 0
A31: 4 | B31: Đào Việt Hải | C31: VAE00708 | D31: HL8082-34567 | E31: N | F31: A869-EC | G31: A869-EC@16H | H31: N | I31: A864-34567 | J31: A864-34567 | K31: A863-128@14H | L31: N | M31: A867-34567 | N31: A867-34567 | O31: A867-34567 | P31: N | Q31: W/O ENG | R31: W/O ENG | S31: W/O ENG | T31: N | U31: A877-ENG@16H | V31: A877-ENG@16H | W31: N | X31: A868-128 | Y31: ATHK | AB31: ATHK | AJ31: =COUNTIFS(D31:AG31,"<>"&"?",D31:AG31,"<>"&"",D31:AG31,"<>"&"fe",D31:AG31,"<>"&"vn") -> 17 | AK31: B1 787 | AL31: 0908630644 | AN31: 425 AC | AR31: 0
A32: 5 | B32: Phạm Ngọc Anh | C32: VAE01348 | D32: A862-34567 | E32: A869-EC | F32: N | G32: A869-EC | H32: A869-EC | I32: N | J32: A864-128 | K32: A863-34 | L32: A863-ALL@14H | M32: N | N32: A867-128 | O32: A867-128 | P32: A873-34 | Q32: N | R32: A873-34567 | S32: A873-ALL | T32: A877-ENG | U32: A877-ENG | V32: N | W32: A877-ENG | X32: N | Y32: A861- | AB32: ATVSLD | AJ32: =COUNTIFS(D32:AG32,"<>"&"?",D32:AG32,"<>"&"",D32:AG32,"<>"&"fe",D32:AG32,"<>"&"vn") -> 17 | AK32: B1 787 | AL32: 0902153933 | AN32: 460 AC | AR32: 0
A33: 6 | B33: Hứa Quang Trung | C33: VAE02481 | D33: A862-FM | E33: N | F33: N | G33: A869-FM | H33: A869-FM | I33: A864-34567 | J33: A864-34567 | K33: N | L33: A863-FM | M33: A867-128 | N33: A867-128 | O33: N | P33: A873-567 | Q33: A873-34567 | R33: A873-34567 | S33: N | T33: N | U33: A877-ENG@16H | V33: A877-ENG@16H | W33: N | X33: A868-FM | Y33: A861- | AJ33: =COUNTIFS(D33:AG33,"<>"&"?",D33:AG33,"<>"&"",D33:AG33,"<>"&"fe",D33:AG33,"<>"&"vn") -> 15 | AK33: B1 B787/A321 | AL33: 0937387889 | AN33: 485 AC | AR33: 0
A34: 7 | B34: Hoàng Sơn Hà | C34: VAE00725 | D34: A862-@14H | E34: A869-EC@16H | F34: A869-EC@16H | G34: N | H34: A869-EC | I34: A864-128 | J34: A864-128 | K34: A863-128 | L34: N | M34: N | N34: A867-128 | O34: FE | P34: A873-128 | Q34: A873-128 | R34: A873-128 | S34: A873-ALL | T34: A877-ENG | U34: A877-ENG | V34: N | W34: N | X34: A868-34567 | Y34: A861- | Z34: FE | AA34: FE | AJ34: =COUNTIFS(D34:AG34,"<>"&"?",D34:AG34,"<>"&"",D34:AG34,"<>"&"fe",D34:AG34,"<>"&"vn") -> 16 | AK34: B1 787 | AL34: 0904321509 | AN34: 467 AC | AR34: 0
A35: 8 | B35: Nguyễn Văn Quyền | C35: VAE03234 | D35: HL8082-128 | E35: HL8082-ALL | F35: HL8082-ALL | G35: HL8082-ALL | H35: N | I35: A864-ALL@15H | J35: A864-ALL@14H | K35: A863-128 | L35: N | M35: A867-128 | N35: FE | O35: ĐG THAY CANG | P35: ĐG THAY CANG | Q35: FE | R35: ĐG THAY CANG | S35: A877-ENG@14H | T35: FE | U35: A877-FM | V35: Đ3 | W35: Đ3 | X35: N | Y35: EWIS | Z35: N | AA35: N | AF35: Thi CAAV | AG35: Thi CAAV | AJ35: =COUNTIFS(D35:AG35,"<>"&"?",D35:AG35,"<>"&"",D35:AG35,"<>"&"fe",D35:AG35,"<>"&"vn") -> 18 | AK35: B1 B787/A321 | AL35: 0902164495 | AN35: 1819 AC | AR35: 0
A36: 9 | B36: Hồ Sĩ Út | C36: VAE02854 | D36: A862-128 | E36: A869-EC | F36: A869-EC | G36: A869-EC | H36: A869-EC | I36: N | J36: A864-34567 | K36: A863-128 | L36: A863-128 | M36: A867-34567 | N36: DIFF A321 | O36: DIFF A321 | P36: DIFF A321 | Q36: DIFF A321 | R36: DIFF A321 | S36: FE | T36: DIFF A321 | U36: DIFF A321 | V36: DIFF A321 | W36: DIFF A321 | X36: DIFF A321 | Y36: A861- | AF36: DIFF A321 | AJ36: =COUNTIFS(D36:AG36,"<>"&"?",D36:AG36,"<>"&"",D36:AG36,"<>"&"fe",D36:AG36,"<>"&"vn") -> 21 | AK36: B1 787 | AL36: 0344242223 | AN36: 488 AC | AR36: 0
A37: 10 | B37: Lộc Đức Hiền | C37: VAE02379 | D37: N | E37: N | F37: A869-EC | G37: A869-EC | H37: VS ALL | I37: A864-128 | J37: A864-128 | K37: A863-34 | L37: N | M37: A867-128 | N37: A867-128 | O37: A867-128 | P37: N | Q37: A873-128 | R37: A873-128 | S37: A873-ALL | T37: A877-ENG@16H | U37: N | V37: A877-ENG | W37: N | X37: A868-128 | Y37: A861- | AF37: ATVSLD | AJ37: =COUNTIFS(D37:AG37,"<>"&"?",D37:AG37,"<>"&"",D37:AG37,"<>"&"fe",D37:AG37,"<>"&"vn") -> 17 | AK37: B1 787 | AL37: 0896961686 | AN37: 493 AC | AR37: 0
A38: 11 | B38: Dương Viết Trìu | C38: VAE03250 | D38: A862-34567 | E38: A869-EC@16H | F38: N | G38: A869-EC@16H | H38: N | I38: N | J38: A864-34567 | K38: A863-567 | L38: A863-34567 | M38: N | N38: A867-34567 | O38: A867-34567 | P38: A873-34 | Q38: A873-34567 | R38: N | S38: A873-ALL | T38: A615-AF | U38: N | V38: A877-ENG | W38: Đ3-SSAG | X38: A868-128 | Y38: EWIS | Z38: A861- | AJ38: =COUNTIFS(D38:AG38,"<>"&"?",D38:AG38,"<>"&"",D38:AG38,"<>"&"fe",D38:AG38,"<>"&"vn") -> 17 | AK38: B1 B787/A321 | AL38: 0983990518 | AN38: 1816 AC | AR38: 0
A39: 12 | B39: Vũ Văn Mạnh | C39: VAE03240 | D39: HL8082-128 | E39: A869-EC@16H | F39: A869-EC@16H | G39: GD | H39: A869-ALL | I39: A864-128 | J39: A864-128 | K39: N | L39: N | M39: Đ3 | N39: Đ3 | O39: Đ3 | P39: Đ3 | Q39: Đ3 | R39: Đ3 | S39: N | T39: A877-ENG@16H | U39: A877-ENG@16H | V39: N | W39: A877-ENG | X39: A868-34567 | Y39: A861- | AB39: ATVSLD | AJ39: =COUNTIFS(D39:AG39,"<>"&"?",D39:AG39,"<>"&"",D39:AG39,"<>"&"fe",D39:AG39,"<>"&"vn") -> 19 | AK39: B1 B787/A321 | AL39: 0968697183 | AN39: 1834 AC | AR39: 0
A40: 13 | B40: Nguyễn Sỹ Tứ | C40: VAE03275 | D40: A862-128 | E40: FE | F40: FE | G40: A869-W/O | H40: A869-ALL | I40: A864-34567 | J40: A864-34567 | K40: A863-128 | L40: FE | M40: Đ3 | N40: N | O40: Đ3 | P40: Đ3 | Q40: Đ3 | R40: Đ3 | S40: N | T40: A615-AF | U40: N | V40: FE | W40: A877-ENG | X40: A868-ALL 13H | Y40: A861- | AC40: ATVSLD | AF40: FE | AJ40: =COUNTIFS(D40:AG40,"<>"&"?",D40:AG40,"<>"&"",D40:AG40,"<>"&"fe",D40:AG40,"<>"&"vn") -> 16 | AK40: B1 B787/A321 | AL40: 0356134372 | AN40: 1817 AC | AR40: 0
A41: 14 | B41: Phạm Hồng Quân | C41: VAE01301 | D41: N | E41: A869-AVI | F41: A869-EC@16H | G41: A869-EC@16H | H41: N | I41: A864-AVI | J41: FE | K41: A863-AVI | L41: A863-AVI | M41: A867-AVI | N41: A867-AVI | O41: N | P41: A873-AVI | Q41: A873-AVI | R41: FE | S41: A873-AVI | T41: A615-AVI | U41: N | V41: A877-ENG | W41: A877-ENG | X41: A868-AVI | Y41: N | AB41: ATVSLD | AH41: FE | AJ41: =COUNTIFS(D41:AG41,"<>"&"?",D41:AG41,"<>"&"",D41:AG41,"<>"&"fe",D41:AG41,"<>"&"vn") -> 16 | AK41: B2 787 | AL41: 0983173064 | AN41: 706 AC | AR41: 0
A42: 15 | B42: Đậu Thanh Tâm | C42: VAE00742 | D42: HL8082-AVI | E42: HL8082-AVI | F42: N | G42: N | H42: HL8082-ALL | I42: HL8082-ALL | J42: A864-AVI | K42: FE | L42: FE | M42: FE | N42: DIFF A321 | O42: DIFF A321 | P42: DIFF A321 | Q42: DIFF A321 | R42: DIFF A321 | S42: DIFF A321 | T42: DIFF A321 | U42: DIFF A321 | V42: DIFF A321 | W42: DIFF A321 | X42: DIFF A321 | Y42: A861- | Z42: N | AA42: FE | AB42: ATVSLD | AC42: DIFF A321 | AJ42: =COUNTIFS(D42:AG42,"<>"&"?",D42:AG42,"<>"&"",D42:AG42,"<>"&"fe",D42:AG42,"<>"&"vn") -> 19 | AK42: B2 787 | AL42: 0903804857 | AN42: 434 AC | AR42: 0
A43: 16 | B43: Đoàn Văn Tú | C43: VAE00256 | D43: HL8082-AVI | E43: A869-AVI | F43: A869-AVI | G43: N | H43: A869-ALL | I43: FE | J43: A864-AVI | K43: A863-AVI | L43: A863-ALL@14H | M43: A867-AVI | N43: A867-AVI | O43: A867-AVI | P43: N | Q43: A873-AVI | R43: A873-AVI | S43: A873-AVI | T43: A877-ENG | U43: A877-ENG | V43: N | W43: N | X43: N | Y43: ATHK | Z43: N | AB43: ATHK | AD43: FE | AG43: FE | AJ43: =COUNTIFS(D43:AG43,"<>"&"?",D43:AG43,"<>"&"",D43:AG43,"<>"&"fe",D43:AG43,"<>"&"vn") -> 17 | AK43: B2 B787/A321 | AL43: 0917384394 | AN43: 1718 AC
A44: 17 | B44: Nguyễn Tiến Thịnh | C44: VAE02736 | D44: A862-AVI | E44: N | F44: A869-EC | G44: A869-AVI | H44: A869-EC | I44: A864-ALL@15H | J44: A864-ALL@14H | K44: N | L44: A863-AVI | M44: A867-AVI | N44: DIFF A321 | O44: DIFF A321 | P44: DIFF A321 | Q44: DIFF A321 | R44: DIFF A321 | S44: DIFF A321 | T44: DIFF A321 | U44: DIFF A321 | V44: DIFF A321 | W44: DIFF A321 | X44: DIFF A321 | Y44: A861- | Z44: DIFF A321 | AJ44: =COUNTIFS(D44:AG44,"<>"&"?",D44:AG44,"<>"&"",D44:AG44,"<>"&"fe",D44:AG44,"<>"&"vn") -> 21 | AK44: B2 787 | AL44: 0907669646 | AN44: 1532 AC | AR44: 0
A45: 18 | B45: Võ Tiến Dũng | C45: VAE00749 | D45: HL8082-34567 | E45: N | F45: A869-EC | G45: A869-EC | H45: A869-EC | I45: A864-34567 | J45: N | K45: A863-567 | L45: A863-34567 | M45: A867-34567 | N45: A867-34567 | O45: N | P45: A873-567 | Q45: A873-34567 | R45: A873-34567 | S45: A873-ALL | T45: A877-ENG | U45: N | V45: A877-ENG | W45: A877-ENG | X45: A868-34567 | Y45: A861- | Z45: N | AA45: N | AB45: ATVSLD | AJ45: =COUNTIFS(D45:AG45,"<>"&"?",D45:AG45,"<>"&"",D45:AG45,"<>"&"fe",D45:AG45,"<>"&"vn") -> 19 | AK45: QM 787 | AL45: 0375121297 | AN45: 1503 AC
A46: 19 | B46: Phạm Minh Tuấn | C46: VAE00763 | D46: A862-128 | E46: A869-EC | F46: A869-EC | G46: N | H46: A869-ALL | I46: A864-128 | J46: A864-128 | K46: N | L46: A863-128 | M46: A867-128 | N46: A867-128 | O46: N | P46: A873-128 | Q46: A873-128 | R46: A873-128 | S46: N | T46: A877-ENG | U46: A877-ENG | V46: A877-ENG | W46: N | X46: A868-128 | Y46: A861- | AF46: ATVSLD | AJ46: =COUNTIFS(D46:AG46,"<>"&"?",D46:AG46,"<>"&"",D46:AG46,"<>"&"fe",D46:AG46,"<>"&"vn") -> 18 | AK46: QM 787 | AL46: 0903128278 | AN46: 583 AC
A47: 20 | B47: Cù Anh Tư | C47: VAE03095 | D47: N | E47: A869-AVI | F47: A869-EC@16H | G47: A869-EC@16H | H47: N | I47: A864-AVI | J47: A864-AVI | K47: A863-AVI | L47: N | M47: N | N47: A867-AVI | O47: A867-AVI | P47: A873-AVI | Q47: N | R47: A873-34567 | S47: A877-ENG@14H | T47: A877-ENG@16H | U47: A877-ENG@16H | V47: N | W47: A877-ENG | X47: N | Y47: ATHK | AB47: ATHK | AJ47: =COUNTIFS(D47:AG47,"<>"&"?",D47:AG47,"<>"&"",D47:AG47,"<>"&"fe",D47:AG47,"<>"&"vn") -> 16 | AK47: QM EA | AL47: 0984208181 | AN47: 1836 AC
A48: 21 | B48: Đặng Quốc Tú | C48: VAE00733 | D48: A862-@14H | E48: N | F48: A869-EC | G48: A869-W/O | H48: A869-ALL | I48: A864-128 | J48: N | K48: A863-34 | L48: A863-34567 | M48: A867-34567 | N48: N | O48: A867-34567 | P48: HF | Q48: W/O ENG | R48: N | S48: W/O ENG | T48: A877-ENG | U48: A877-ENG | V48: N | W48: A877-ENG | X48: A868-34567 | Y48: A861- | AJ48: =COUNTIFS(D48:AG48,"<>"&"?",D48:AG48,"<>"&"",D48:AG48,"<>"&"fe",D48:AG48,"<>"&"vn") -> 17 | AK48: QM 787 | AL48: 0988110968 | AN48: 591 AC
A49: 22 | B49: Đoàn Mạnh Quyết | C49: VAE00521 | D49: HL8082-128 | E49: A869-EC@16H | F49: N | G49: A869-EC | H49: A869-EC | I49: A864-34567 | J49: A864-34567 | K49: A863-128 | L49: A863-128 | M49: N | N49: A867-128 | O49: A867-128 | P49: A873-34 | Q49: A873-34567 | R49: A873-34567 | S49: N | T49: A877-ENG@16H | U49: A877-ENG@16H | V49: N | W49: A877- ENG | X49: A868-34567 | Y49: A861- | AJ49: =COUNTIFS(D49:AG49,"<>"&"?",D49:AG49,"<>"&"",D49:AG49,"<>"&"fe",D49:AG49,"<>"&"vn") -> 18 | AK49: QM 787 | AL49: 0979789920 | AN49: 1855 AC | AO49: Z128
A50: 23 | B50: Nguyễn Anh Tuấn | C50: VAE02373 | D50: A862-128 | E50: A869-EC | F50: N | G50: A869-EC | H50: A869-EC | I50: A864-ALL@15H | J50: A864-ALL@14H | K50: N | L50: A863-128 | M50: A867-128 | N50: A867-128 | O50: A867-128 | P50: N | Q50: W/O ENG | R50: W/O ENG | S50: N | T50: N | U50: A877-ENG@16H | V50: A877-ENG@16H | W50: N | X50: A868-34567 | Y50: A861- | AF50: ATVSLD | AJ50: =COUNTIFS(D50:AG50,"<>"&"?",D50:AG50,"<>"&"",D50:AG50,"<>"&"fe",D50:AG50,"<>"&"vn") -> 17 | AK50: QM 787 | AL50: 0988034352 | AN50: 1846 AC | AO50: Z34
A51: 24 | B51: Phạm Hùng | C51: VAE01771 | D51: A862-128 | E51: A869-EC@16H | F51: N | G51: A869-EC | H51: VS ALL | I51: A864-128 | J51: A864-128 | K51: N | L51: A863-128 | M51: A867-128 | N51: A867-128 | O51: N | P51: A873-128 | Q51: A873-128 | R51: A873-128 | S51: N | T51: A877-ENG@16H | U51: A877-ENG@16H | V51: N | W51: N | X51: A868-ALL 13H | Y51: ATHK | AB51: ATHK | AJ51: =COUNTIFS(D51:AG51,"<>"&"?",D51:AG51,"<>"&"",D51:AG51,"<>"&"fe",D51:AG51,"<>"&"vn") -> 17 | AK51: QM AF | AL51: 0908489886 | AO51: Z567
A52: 25 | B52: Nguyễn Văn Thái | C52: VAE03591 | D52: A862-34567 | E52: A869-EC@16H | F52: N | G52: A869-EC | H52: A869-EC | I52: A864-ALL@15H | J52: N | K52: A863-128 | L52: A863-128 | M52: A867-34567 | N52: A867-34567 | O52: N | P52: A873-567 | Q52: A873-34567 | R52: A873-34567 | S52: N | T52: A877-ENG@16H | U52: A877-ENG@16H | V52: A877-ENG@16H | W52: N | X52: A868-34567 | Y52: A861- | AC52: ATVSLD | AD52: Thi CAAV | AE52: Thi CAAV | AJ52: =COUNTIFS(D52:AG52,"<>"&"?",D52:AG52,"<>"&"",D52:AG52,"<>"&"fe",D52:AG52,"<>"&"vn") -> 20 | AK52: QM PP | AL52: 0938235487 | AO52: 34
A53: 26 | B53: Đặng Quang Bảo | C53: VAE03610 | D53: N | E53: A869-EC | F53: A869-EC@16H | G53: A869-EC@16H | H53: N | I53: A864-34567 | J53: A864-34567 | K53: A863-34 | L53: A863-34567 | M53: A867-34567 | N53: A867-34567 | O53: N | P53: A873-567 | Q53: A873-34567 | R53: A873-34567 | S53: N | T53: A877-ENG | U53: A877-ENG | V53: N | W53: N | X53: A868-ALL 13H | Y53: A861- | AJ53: =COUNTIFS(D53:AG53,"<>"&"?",D53:AG53,"<>"&"",D53:AG53,"<>"&"fe",D53:AG53,"<>"&"vn") -> 16 | AK53: QM PP | AL53: 0326718845 | AO53: Z34
A54: 27 | B54: Lê Hà Vinh | C54: VAE03603 | D54: A862-@14H | E54: N | F54: HL8082-ALL | G54: A869-EC | H54: A869-ALL | I54: A864-34567 | J54: N | K54: A863-34 | L54: A863-ALL@14H | M54: N | N54: A867-34567 | O54: A867-34567 | P54: A873-34 | Q54: N | R54: A873-34567 | S54: A873-ALL | T54: A615-PP | U54: N | V54: A877-ENG | W54: A877-ENG | X54: N | Y54: ATHK | AB54: ATHK | AJ54: =COUNTIFS(D54:AG54,"<>"&"?",D54:AG54,"<>"&"",D54:AG54,"<>"&"fe",D54:AG54,"<>"&"vn") -> 17 | AK54: QM PP | AL54: 0963322827 | AM54: PHÉP 1-7/6
A55: 28 | B55: Vũ Tuấn Tú | C55: VAE03602 | D55: A862-PPC1 | E55: A869-EC | F55: A869-EC | G55: N | H55: A869-PPC1 | I55: N | J55: A864-PPC | K55: A863-PPC | L55: A863-PPC@14H | M55: N | N55: AMOS ETL | O55: A867-34567 | P55: A873-128 | Q55: A873-128 | R55: A873-128 | S55: N | T55: A615-PPC | U55: N | V55: A877-ENG | W55: A877-ENG | X55: N | Y55: ATHK | AB55: ATHK | AJ55: =COUNTIFS(D55:AG55,"<>"&"?",D55:AG55,"<>"&"",D55:AG55,"<>"&"fe",D55:AG55,"<>"&"vn") -> 17 | AK55: QM AF | AL55: 0774768007 | AO55: 128
A56: 29 | B56: Nguyễn Phan Hoàng Long | C56: VAE03596 | D56: HL8082-128 | E56: A869-EC@16H | F56: A869-EC@16H | G56: A869-EC@16H | H56: N | I56: A864-128 | J56: A864-128 | K56: A863-128 | L56: N | M56: N | N56: A867-128 | O56: A867-128 | P56: A873-128 | Q56: A873-128 | R56: N | S56: A873-ALL | T56: A877-ENG@16H | U56: A877-ENG@16H | V56: A877-ENG@16H | W56: N | X56: A868-128 | Y56: A861- | AC56: ATVSLD | AJ56: =COUNTIFS(D56:AG56,"<>"&"?",D56:AG56,"<>"&"",D56:AG56,"<>"&"fe",D56:AG56,"<>"&"vn") -> 18 | AK56: QM AF | AL56: 0967103203 | AO56: 128 | AP56: 1
A57: 31 | B57: Vũ Quang Vinh | C57: VAE03617 | D57: A862-128 | E57: A869-EC@16H | F57: A869-EC@16H | G57: N | H57: A869-EC | I57: A864-128 | J57: N | K57: A863-128 | L57: A863-128 | M57: A867-128 | N57: A867-128 | O57: N | P57: A873-128 | Q57: A873-128 | R57: P | S57: P | T57: P | U57: P | V57: P | W57: Đ3-SSAG | X57: A868-34567 | Y57: A861- | AJ57: =COUNTIFS(D57:AG57,"<>"&"?",D57:AG57,"<>"&"",D57:AG57,"<>"&"fe",D57:AG57,"<>"&"vn") -> 14 | AK57: QM AF | AL57: 0773781627
A58: 32 | B58: Trần Trung Tín | C58: VAE03612 | D58: N | E58: A869-EC | F58: A869-EC@16H | G58: A869-EC@16H | H58: N | I58: A864-34567 | J58: A864-34567 | K58: A863-34 | L58: A863-34567 | M58: A867-34567 | N58: A867-34567 | O58: N | P58: N | Q58: W/O ENG | R58: W/O ENG | S58: W/O ENG | T58: A615-AF | U58: N | V58: Đ3 | W58: Đ3 | X58: N | Y58: A861- | Z58: A861- | AJ58: =COUNTIFS(D58:AG58,"<>"&"?",D58:AG58,"<>"&"",D58:AG58,"<>"&"fe",D58:AG58,"<>"&"vn") -> 17 | AK58: QM AF | AL58: 0834603606
A59: 33 | B59: Nguyễn Mạnh Phố | C59: VAE03605 | D59: A862-34567 | E59: N | F59: HL8082-ALL | G59: A869-W/O | H59: A869-ALL | I59: N | J59: A864-34567 | K59: A863-128@14H | L59: A863-ALL@14H | M59: Đ3 | N59: Đ3 | O59: Đ3 | P59: Đ3 | Q59: W/O ENG | R59: W/O ENG | S59: A873-ALL | T59: A877-ENG | U59: A877-ENG | V59: N | W59: N | X59: A868-128 | Y59: A861- | AJ59: =COUNTIFS(D59:AG59,"<>"&"?",D59:AG59,"<>"&"",D59:AG59,"<>"&"fe",D59:AG59,"<>"&"vn") -> 18 | AK59: QM AF | AL59: 0829109358
A60: 34 | B60: Nguyễn Ngọc Đức | C60: VAE04023 | D60: N | E60: A869-EC | F60: A869-EC@16H | G60: A869-EC@16H | H60: N | I60: A864-34567 | J60: A864-34567 | K60: A863-567 | L60: A863-34567 | M60: A867-34567 | N60: A867-34567 | O60: N | P60: A873-34 | Q60: A873-34567 | R60: A873-34567 | S60: N | T60: A877-ENG@16H | U60: A877-ENG@16H | V60: A877-ENG@16H | W60: N | X60: A868-34567 | Y60: A861- | AD60: Thi CAAV | AE60: Thi CAAV | AJ60: =COUNTIFS(D60:AG60,"<>"&"?",D60:AG60,"<>"&"",D60:AG60,"<>"&"fe",D60:AG60,"<>"&"vn") -> 19 | AK60: MECH | AL60: 0825070997 | AP60: 1
A61: 35 | B61: Dương Minh Tuấn | C61: VAE04035 | D61: A862-34567 | E61: A869-EC@16H | F61: A869-EC@16H | G61: N | H61: VS ALL | I61: A864-34567 | J61: A864-34567 | K61: N | L61: N | M61: A867-128 | N61: A867-34567 | O61: A867-34567 | P61: A873-34 | Q61: N | R61: A873-34567 | S61: A877-ENG@14H | T61: A877-ENG | U61: N | V61: N | W61: N | X61: A868-34567 | Y61: A861- | AJ61: =COUNTIFS(D61:AG61,"<>"&"?",D61:AG61,"<>"&"",D61:AG61,"<>"&"fe",D61:AG61,"<>"&"vn") -> 15 | AK61: MECH | AL61: 0938930981
A62: 36 | B62: Nguyễn An Bình | C62: VAE04051 | D62: HL8082-128 | E62: N | F62: HL8082-ALL | G62: HL8082-ALL | H62: N | I62: A864-128 | J62: A864-128 | K62: A863-128@14H | L62: N | M62: A867-128 | N62: A867-128 | O62: A867-128 | P62: N | Q62: THI | R62: A873-128 | S62: A873-ALL | T62: N | U62: A877-ENG@16H | V62: A877-ENG@16H | W62: N | X62: A868-128 | Y62: A861- | AJ62: =COUNTIFS(D62:AG62,"<>"&"?",D62:AG62,"<>"&"",D62:AG62,"<>"&"fe",D62:AG62,"<>"&"vn") -> 16 | AK62: MECH | AL62: 0852188678
A63: 37 | B63: Trương Vũ Chung | C63: VAE04026 | D63: P | E63: P | F63: P | G63: A869-EC | H63: VS ALL | I63: A864-128 | J63: A864-128 | K63: N | L63: A863-128 | M63: A867-128 | N63: A867-128 | O63: N | P63: A873-128 | Q63: A873-128 | R63: A873-128 | S63: N | T63: A877-ENG@16H | U63: A877-ENG@16H | V63: A877-ENG@16H | W63: N | X63: A868-128 | Y63: A861- | AD63: Thi CAAV | AE63: Thi CAAV | AJ63: =COUNTIFS(D63:AG63,"<>"&"?",D63:AG63,"<>"&"",D63:AG63,"<>"&"fe",D63:AG63,"<>"&"vn") -> 17 | AK63: MECH | AL63: 0394163748 | AM63: Xin nghỉ từ 29-3/05 | AP63: 1
A64: 38 | B64: Nguyễn Thành Trung | C64: VAE04031 | D64: HL8082-128 | E64: A869-EC@16H | F64: N | G64: A869-EC | H64: A869-EC | I64: A864-ALL@15H | J64: A864-ALL@14H | K64: N | L64: A863-128 | M64: A867-128 | N64: A867-128 | O64: N | P64: N | Q64: THI | R64: A873-128 | S64: A877-ENG@14H | T64: A615-PP | U64: N | V64: A877-ENG | W64: Đ3-SSAG | X64: A868-128 | Y64: A861- | AJ64: =COUNTIFS(D64:AG64,"<>"&"?",D64:AG64,"<>"&"",D64:AG64,"<>"&"fe",D64:AG64,"<>"&"vn") -> 17 | AK64: MECH | AL64: 0962516841
A65: 39 | B65: Nguyễn Duy Khang | C65: VAE03607 | D65: A862-34567 | E65: A869-EC@16H | F65: A869-EC@16H | G65: N | H65: N | I65: A864-128 | J65: A864-128 | K65: A863-128@14H | L65: N | M65: N | N65: A867-128 | O65: A867-128 | P65: A873-567 | Q65: N | R65: A873-34567 | S65: A877-ENG@14H | T65: A615-PP | U65: N | V65: A877-ENG | W65: A877-ENG | X65: A868-ALL 13H | Y65: N | AJ65: =COUNTIFS(D65:AG65,"<>"&"?",D65:AG65,"<>"&"",D65:AG65,"<>"&"fe",D65:AG65,"<>"&"vn") -> 15 | AK65: QM AF | AL65: 0935594624
A66: 40 | B66: Đinh Vương Anh Thông | C66: VAE03590 | D66: HL8082-AVI | E66: N | F66: HL8082-AVI | G66: HL8082-ALL | H66: N | I66: A864-AVI | J66: A864-AVI | K66: A863-AVI | L66: N | M66: A867-AVI | N66: A867-PPC | O66: A867-PPC | P66: A873-AVI@14H | Q66: N | R66: A873-AVI | S66: A873-AVI | T66: A877-ENG | U66: N | V66: A877-ENG | W66: A877-ENG | X66: N | Y66: ATHK | AB66: ATHK | AJ66: =COUNTIFS(D66:AG66,"<>"&"?",D66:AG66,"<>"&"",D66:AG66,"<>"&"fe",D66:AG66,"<>"&"vn") -> 17 | AK66: EA 787/321 | AL66: 0943213677 | AO66: EA
A67: 41 | B67: Nguyễn Trương Tân | C67: VAE04019 | D67: HL8082-AVI | E67: HL8082-AVI | F67: N | G67: A869-AVI | H67: HL8082-ALL | I67: A864-ALL@15H | J67: A864-ALL@14H | K67: A863-128@14H | L67: N | M67: N | N67: N | O67: N | P67: N | Q67: W/O ENG | R67: W/O ENG | S67: W/O ENG | T67: A877-ENG | U67: A877-ENG | V67: N | W67: Đ3-SSAG | X67: A868-AVI | Y67: A861- | AJ67: =COUNTIFS(D67:AG67,"<>"&"?",D67:AG67,"<>"&"",D67:AG67,"<>"&"fe",D67:AG67,"<>"&"vn") -> 15 | AK67: EA 787 | AL67: 0902827093
A68: 42 | B68: Nguyễn Minh Đức | C68: VAE04018 | D68: A862-AVI | E68: N | F68: HL8082-AVI | G68: A869-AVI | H68: A869-EC | I68: A864-AVI | J68: N | K68: A863-128 | L68: A863-AVI | M68: A867-AVI | N68: N | O68: A867-AVI | P68: A873-AVI | Q68: A873-AVI | R68: P | S68: P | T68: P | U68: P | V68: P | W68: P | X68: A868-AVI | Y68: A861- | AJ68: =COUNTIFS(D68:AG68,"<>"&"?",D68:AG68,"<>"&"",D68:AG68,"<>"&"fe",D68:AG68,"<>"&"vn") -> 13 | AK68: EA 787 | AL68: 0907548998
A69: 43 | B69: Nguyễn Hữu Hoàng | C69: VAE03618 | D69: HL8082-AVI | E69: N | F69: HL8082-AVI | G69: A869-AVI | H69: A869-ALL | I69: N | J69: A864-AVI | K69: A863-AVI | L69: A863-AVI | M69: A867-AVI | N69: A867-AVI | O69: N | P69: A873-AVI@14H | Q69: N | R69: A873-AVI | S69: A877-ENG@14H | T69: A615-AVI | U69: N | V69: A877-ENG | W69: A877-ENG | X69: N | Y69: A861- | AJ69: =COUNTIFS(D69:AG69,"<>"&"?",D69:AG69,"<>"&"",D69:AG69,"<>"&"fe",D69:AG69,"<>"&"vn") -> 16 | AK69: EA 787/321 | AL69: 0937919456 | AP69: 1
A70: 44 | B70: Nguyễn Hữu Thắng | C70: VAE03620 | D70: A862-34567 | E70: N | F70: A869-EC | G70: A869-EC@16H | H70: N | I70: A864-128 | J70: A864-128 | K70: A863-128 | L70: A863-AVI | M70: A867-128 | N70: A867-AVI | O70: N | P70: A873-AVI | Q70: W/O ENG | R70: W/O ENG | S70: N | T70: A877-ENG@16H | U70: A877-ENG@16H | V70: A877-ENG@16H | W70: N | X70: A868-AVI | Y70: A861- | AJ70: =COUNTIFS(D70:AG70,"<>"&"?",D70:AG70,"<>"&"",D70:AG70,"<>"&"fe",D70:AG70,"<>"&"vn") -> 17 | AK70: EA 787/321 | AL70: 0865855733
A71: 45 | B71: Lê Trần Thiên Cương | C71: VAE04203 | D71: A862-34567 | E71: A869-EC@16H | F71: N | G71: A869-EC | H71: VS ALL | I71: A864-34567 | J71: N | K71: A863-567 | L71: A863-34567 | M71: A867-34567 | N71: N | O71: A867-AVI | P71: A873-128 | Q71: A873-128 | R71: N | S71: A873-ALL | T71: A615-AF | U71: N | V71: A877-ENG | W71: N | X71: A868-128 | Y71: EWIS | AJ71: =COUNTIFS(D71:AG71,"<>"&"?",D71:AG71,"<>"&"",D71:AG71,"<>"&"fe",D71:AG71,"<>"&"vn") -> 16 | AK71: MECH | AL71: 0867773318 | AP71: 1
B72: Lê Phước Thanh | C72: VAE02598 | D72: N | E72: N | F72: A869-EC | G72: A869-EC@16H | H72: N | I72: A864-AVI | J72: A864-AVI | K72: ATHK | L72: ATHK | M72: ATHK | N72: N | O72: ATVSLD | P72: A873-567 | Q72: A873-34567 | R72: A873-34567 | S72: N | T72: N | U72: A877-ENG@16H | V72: A877-ENG@16H | W72: N | X72: A868-34567 | Y72: A861- | AK72: MECH
A73: 46 | B73: Phạm Xuân Tùng | C73: VAE04204 | D73: N | E73: N | F73: N | G73: A869-W/O | H73: VS ALL | I73: A864-34567 | J73: N | K73: A863-567 | L73: A863-34567 | M73: A867-34567 | N73: N | O73: A867-34567 | P73: A873-34 | Q73: A873-34567 | R73: N | S73: A873-ALL | T73: A877-ENG | U73: A877-ENG@16H | V73: A877-ENG@16H | W73: N | X73: EWIS | Y73: A861- | AJ73: =COUNTIFS(D73:AG73,"<>"&"?",D73:AG73,"<>"&"",D73:AG73,"<>"&"fe",D73:AG73,"<>"&"vn") -> 15 | AK73: MECH | AL73: 0328230801 | AM73: Xin nghỉ từ 30-3/05 | AO73: PP | AP73: 1
A74: 47 | B74: Hồ Zy Đan | C74: VAE04209 | D74: A862-34567 | E74: N | F74: A869-EC | G74: A869-EC@16H | H74: N | I74: A864-128 | J74: A864-128 | K74: A863-128@14H | L74: N | M74: N | N74: A867-34567 | O74: A867-34567 | P74: A873-128 | Q74: A873-128 | R74: N | S74: A873-ALL | T74: A615-AF | U74: N | V74: A877-ENG@16H | W74: N | X74: EWIS | Y74: A861- | AJ74: =COUNTIFS(D74:AG74,"<>"&"?",D74:AG74,"<>"&"",D74:AG74,"<>"&"fe",D74:AG74,"<>"&"vn") -> 15 | AK74: MECH | AL74: 0348081971 | AO74: AF
A75: 48 | B75: Thân Minh Nguyên | C75: VAE04211 | D75: A862-128 | E75: A869-EC@16H | F75: N | G75: A869-EC | H75: A869-EC | I75: A864-34567 | J75: N | K75: A863-34 | L75: A863-34567 | M75: A867-128 | N75: N | O75: A867-128 | P75: SECT 4 | Q75: SECT 4 | R75: A873-128 | S75: N | T75: A615-AF | U75: N | V75: A877-ENG@16H | W75: N | X75: A868-128 | Y75: A861- | AJ75: =COUNTIFS(D75:AG75,"<>"&"?",D75:AG75,"<>"&"",D75:AG75,"<>"&"fe",D75:AG75,"<>"&"vn") -> 16 | AK75: MECH | AL75: 0366492128 | AO75: AF
A76: 49 | B76: Hồ Hoàng Chung | C76: VAE04245 | D76: CL 787 | E76: CL 787 | F76: CL 787 | G76: CL 787 | H76: CL 787 | I76: CL 787 | J76: CL 787 | K76: CL 787 | L76: A863-ALL@14H | M76: N | N76: PRAC 787 | O76: PRAC 787 | P76: PRAC 787 | Q76: PRAC 787 | R76: A873-128 | S76: N | T76: A877-ENG | U76: A877-ENG | V76: A877-ENG | W76: ATVSLD | X76: PRAC 787 | Y76: PRAC 787 | Z76: PRAC 787 | AA76: PRAC 787 | AB76: PRAC 787 | AC76: PRAC 787 | AD76: PRAC 787 | AG76: ATVSLD | AJ76: =COUNTIFS(D76:AG76,"<>"&"?",D76:AG76,"<>"&"",D76:AG76,"<>"&"fe",D76:AG76,"<>"&"vn") -> 26 | AK76: MECH | AL76: 0912677545
A77: 50 | B77: Ngô Minh Tuấn | C77: VAE04255 | D77: CL 787 | E77: CL 787 | F77: CL 787 | G77: CL 787 | H77: CL 787 | I77: CL 787 | J77: CL 787 | K77: CL 787 | L77: A863-ALL@14H | M77: N | N77: PRAC 787 | O77: PRAC 787 | P77: PRAC 787 | Q77: PRAC 787 | R77: A873-AVI | S77: N | T77: N | U77: A877-ENG | V77: A877-ENG | W77: ATVSLD | X77: PRAC 787 | Y77: PRAC 787 | Z77: PRAC 787 | AA77: PRAC 787 | AB77: PRAC 787 | AC77: PRAC 787 | AD77: PRAC 787 | AG77: ATVSLD | AJ77: =COUNTIFS(D77:AG77,"<>"&"?",D77:AG77,"<>"&"",D77:AG77,"<>"&"fe",D77:AG77,"<>"&"vn") -> 25 | AK77: MECH | AL77: 0376455036
A78: 51 | B78: Nguyễn Trọng An | C78: VAE04249 | D78: CL 787 | E78: CL 787 | F78: CL 787 | G78: CL 787 | H78: CL 787 | I78: CL 787 | J78: CL 787 | K78: CL 787 | L78: A863-ALL@14H | M78: N | N78: PRAC 787 | O78: PRAC 787 | P78: PRAC 787 | Q78: PRAC 787 | R78: A873-AVI | S78: N | T78: A877-ENG | U78: A877-ENG | V78: N | W78: ATVSLD | X78: PRAC 787 | Y78: PRAC 787 | Z78: N | AA78: N | AB78: PRAC 787 | AC78: PRAC 787 | AD78: PRAC 787 | AG78: ATVSLD | AJ78: =COUNTIFS(D78:AG78,"<>"&"?",D78:AG78,"<>"&"",D78:AG78,"<>"&"fe",D78:AG78,"<>"&"vn") -> 23 | AK78: MECH | AL78: 0982833619
A79: 52 | B79: Lê Võ Trường Nhựt | C79: VAE04254 | D79: CL 787 | E79: CL 787 | F79: CL 787 | G79: CL 787 | H79: CL 787 | I79: CL 787 | J79: CL 787 | K79: CL 787 | L79: A863-ALL@14H | M79: N | N79: PRAC 787 | O79: PRAC 787 | P79: PRAC 787 | Q79: PRAC 787 | R79: A873-34567 | S79: N | T79: A877-ENG | U79: A877-ENG | V79: A877-ENG | W79: ATVSLD | X79: PRAC 787 | Y79: PRAC 787 | Z79: PRAC 787 | AA79: PRAC 787 | AB79: PRAC 787 | AC79: PRAC 787 | AD79: PRAC 787 | AG79: ATVSLD | AJ79: =COUNTIFS(D79:AG79,"<>"&"?",D79:AG79,"<>"&"",D79:AG79,"<>"&"fe",D79:AG79,"<>"&"vn") -> 26 | AK79: MECH | AL79: 0784052950
A80: 53 | B80: Nguyễn Hoàng Nhật | C80: VAE04247 | D80: CL 787 | E80: CL 787 | F80: CL 787 | G80: CL 787 | H80: CL 787 | I80: CL 787 | J80: CL 787 | K80: CL 787 | L80: A863-ALL@14H | M80: N | N80: PRAC 787 | O80: PRAC 787 | P80: PRAC 787 | Q80: PRAC 787 | R80: A873-34567 | S80: N | T80: A877-ENG | U80: A877-ENG | V80: A877-ENG | W80: ATVSLD | X80: PRAC 787 | Y80: PRAC 787 | Z80: PRAC 787 | AA80: PRAC 787 | AB80: PRAC 787 | AC80: PRAC 787 | AD80: PRAC 787 | AG80: ATVSLD | AJ80: =COUNTIFS(D80:AG80,"<>"&"?",D80:AG80,"<>"&"",D80:AG80,"<>"&"fe",D80:AG80,"<>"&"vn") -> 26 | AK80: MECH | AL80: 0326807523 | AP80: 1
A81: 30 | B81: Nguyễn Trường An | C81: VAE03611 | D81: LINE | E81: LINE | F81: LINE | G81: LINE | H81: LINE | I81: LINE | J81: LINE | K81: LINE | L81: LINE | M81: LINE | N81: LINE | O81: LINE | P81: LINE | Q81: LINE | R81: LINE | S81: LINE | T81: LINE | U81: LINE | V81: LINE | W81: LINE | X81: LINE | Y81: LINE | Z81: LINE | AA81: LINE | AB81: LINE | AC81: LINE | AD81: LINE | AE81: LINE | AF81: LINE | AG81: LINE | AH81: LINE | AJ81: =COUNTIFS(D81:AG81,"<>"&"?",D81:AG81,"<>"&"",D81:AG81,"<>"&"fe",D81:AG81,"<>"&"vn") -> 30 | AK81: QM AF | AL81: 0977893796 | AO81: 128
B82: Nguyễn Quang Trung | C82: VAE02458 | U82: A877-ENG | V82: A877-ENG@16H | W82: N | X82: A868-34567
B83: Nguyễn Trọng Phúc | C83: SVTT | Q83: A873-128 | R83: N | S83: N | T83: N | U83: A877-ENG | V83: A877-ENG | W83: N | X83: A868-34567
A84: 55 | B84: Trần Anh Tuấn PKT | C84: VAE01351 | D84: HL8082-AVI | E84: HL8082-AVI | F84: HL8082-AVI | G84: HL8082-ALL | H84: PKT | I84: PKT | J84: PKT | K84: PKT | L84: PKT | M84: PKT | N84: PKT | O84: PKT | P84: A873-AVI@14H | Q84: PKT | R84: PKT | S84: PKT | T84: PKT | U84: PKT | V84: PKT | W84: PKT | X84: PKT | Y84: PKT | AJ84: =COUNTIFS(D84:AG84,"<>"&"?",D84:AG84,"<>"&"",D84:AG84,"<>"&"fe",D84:AG84,"<>"&"vn") -> 22 | AK84: B2 787/321 | AL84: 0918056705
A85: 56 | B85: Trần Phương | D85: QC | E85: QC | F85: QC | G85: QC | H85: QC | I85: QC | J85: QC | K85: QC | L85: QC | M85: QC | N85: QC | O85: QC | P85: QC | R85: QC | AB85: QC | AC85: QC | AD85: QC | AE85: QC | AF85: QC | AG85: QC | AH85: QC | AI85: QC | AJ85: =COUNTIFS(D85:AG85,"<>"&"?",D85:AG85,"<>"&"",D85:AG85,"<>"&"fe",D85:AG85,"<>"&"vn") -> 20 | AL85: 84986222241
A86: 57 | B86: Lê Ngọc Hưng | C86: VAE02424 | AJ86: =COUNTIFS(D86:AG86,"<>"&"?",D86:AG86,"<>"&"",D86:AG86,"<>"&"fe",D86:AG86,"<>"&"vn") -> 0 | AL86: 0948680570
A87: 58 | B87: Võ Lục Nguyên Thông | D87: QC1 | E87: QC1 | F87: QC1 | G87: QC1 | H87: QC1 | I87: QC1 | O87: QC2 | P87: QC1 | Q87: QC1 | S87: QC | T87: QC | U87: QC | V87: QC | W87: QC | X87: QC | Y87: QC | Z87: QC | AA87: QC | AB87: QC1 | AC87: QC1 | AD87: QC1 | AE87: QC1 | AF87: QC1 | AG87: QC1 | AH87: QC1 | AI87: QC1 | AJ87: =COUNTIFS(D87:AG87,"<>"&"?",D87:AG87,"<>"&"",D87:AG87,"<>"&"fe",D87:AG87,"<>"&"vn") -> 24 | AL87: 0909028666
A88: 59 | B88: Huỳnh Tố Như | D88: TECH | E88: TECH | F88: TECH | G88: TECH | H88: TECH | I88: TECH | J88: TECH | K88: TECH | L88: TECH | M88: TECH | N88: TECH | O88: TECH | P88: TECH | Q88: TECH | R88: TECH | S88: TECH | T88: TECH | U88: TECH | V88: TECH | W88: TECH | X88: TECH | Y88: TECH | Z88: TECH | AA88: TECH | AB88: TECH | AC88: TECH | AD88: TECH | AE88: TECH | AF88: TECH | AG88: TECH | AH88: TECH | AI88: TECH | AJ88: =COUNTIFS(D88:AG88,"<>"&"?",D88:AG88,"<>"&"",D88:AG88,"<>"&"fe",D88:AG88,"<>"&"vn") -> 30 | AL88: 0702785789
A89: 60 | B89: Hà Quang Vinh | D89: FM1 | E89: N | F89: FM1 | G89: FM1 | H89: FM1 | I89: FM1 | O89: FM1 | P89: FM1 | Q89: FM1 | R89: FM1 | S89: FM1 | T89: FM1 | U89: FM1 | V89: FM1 | W89: FM1 | X89: FM1 | Y89: FM1 | Z89: FM1 | AA89: FM1 | AB89: N | AC89: FM1 | AD89: FM1 | AE89: FM1 | AF89: FM1 | AG89: FM1 | AH89: FM1 | AI89: FM1 | AJ89: =COUNTIFS(D89:AG89,"<>"&"?",D89:AG89,"<>"&"",D89:AG89,"<>"&"fe",D89:AG89,"<>"&"vn") -> 23 | AL89: 0904298289
A90: 61 | B90: Võ Thành Nhân | G90: TECH | H90: TECH | AJ90: =COUNTIFS(D90:AG90,"<>"&"?",D90:AG90,"<>"&"",D90:AG90,"<>"&"fe",D90:AG90,"<>"&"vn") -> 2
B91: NV TĂNG CƯỜNG | AJ91: =COUNTIFS(D91:AG91,"<>"&"?",D91:AG91,"<>"&"",D91:AG91,"<>"&"fe",D91:AG91,"<>"&"vn") -> 0
B92: Phạm Bá Khánh | C92: VAE02476 | D92: A862-AVI | E92: A869-AVI | G92: A869-AVI | H92: Đ3 | I92: Đ3 | J92: Đ3 | K92: Đ3 | L92: Đ3 | M92: Đ3 | N92: Đ3 | O92: Đ3 | P92: Đ3 | Q92: Đ3 | R92: Đ3 | S92: Đ3 | AJ92: =COUNTIFS(D92:AG92,"<>"&"?",D92:AG92,"<>"&"",D92:AG92,"<>"&"fe",D92:AG92,"<>"&"vn") -> 15 | AK92: B2 787
B93: Nguyễn Quang Chính | C93: VAE01375 | D93: A862-@14H | E93: N | F93: A869-EC@16H | G93: A869-EC@16H | H93: N | I93: LINE | J93: LINE | K93: LINE | L93: LINE | M93: LINE | N93: LINE | O93: LINE | P93: LINE | AJ93: =COUNTIFS(D93:AG93,"<>"&"?",D93:AG93,"<>"&"",D93:AG93,"<>"&"fe",D93:AG93,"<>"&"vn") -> 11 | AK93: B1 787
B94: Châu Nghi | C94: HVTT | D94: N | E94: A869-EC | F94: A869-EC@16H | G94: A869-EC@16H | H94: N | I94: N | AL94: 0933221105
B95: Nguyễn Quang Huy(Đ2) | C95: VAE04024 | D95: N | E95: A869-EC | F95: A869-EC@16H | G95: A869-EC@16H | H95: N | I95: N
B96: Đỗ Quang Trường | C96: VAE04021 | D96: N | E96: A869-EC | F96: A869-EC@16H | G96: A869-EC@16H | H96: N | I96: N
B97: Huỳnh Quang Tú | C97: VAE04022 | D97: A862-@14H | E97: N | F97: N | G97: A869-EC | H97: A869-EC | I97: N
B98: Lê Minh CHâu | C98: VAE04037 | D98: A862-128
B99: Võ Trọng Sơn | C99: VAE04039 | D99: A862-128
B100: Trần Thành Danh | C100: VAE04207 | D100: A862-34567 | E100: HL8082-ALL | F100: HL8082-ALL
B101: Nguyễn Quang Vinh | C101: VAE04206 | D101: HL8082-128 | F101: A869-EC
...

Sheet 1 (2)
A1: HCM BASE MAINTENANCE CENTER | F1: CLICK ON A/C TO RETURN ROSTER | L1: BS-F 34
A2: DAILY MAINTENANCE DISTRIBUTION
A3: A/C: | B3: =LEFT(VLOOKUP("h*",ROSTER!D24:D70,1,0),6) -> HL8082 | E3: =ROSTER!D24 -> 46143 | I3: SHIFT:
B4: FOREMAN: | C4: =INDEX(ROSTER!$B$25:$B$150,MATCH("*FM1*",ROSTER!D$25:D$227,0),1) -> Hà Quang Vinh | D4: PHONE: | E4: =INDEX(ROSTER!$AL$25:$AL$211,MATCH('1 (2)'!C4,ROSTER!$B$25:$B$150,0),1) -> 0904298289 | I4: TECH SUPPORT | J4: =INDEX(ROSTER!$B$25:$B$150,MATCH("*TECH*",ROSTER!D$25:D$227,0),1) -> Huỳnh Tố Như | K4: PHONE: | L4: =INDEX(ROSTER!$AL$25:$AL$211,MATCH('1 (2)'!J4,ROSTER!$B$25:$B$150,0),1) -> 0702785789 | O4: Trực VS
B5: CRS C | C5: =INDEX(ROSTER!$B$25:$B$150,MATCH("*QC*",ROSTER!D$25:D$227,0),1) -> Trần Phương | D5: PHONE: | E5: =INDEX(ROSTER!$AL$25:$AL$211,MATCH('1 (2)'!C5,ROSTER!$B$25:$B$150,0),1) -> 84986222241 | I5: DOCK PLANNER: | J5: =INDEX(ROSTER!$B$25:$B$150,MATCH("*PPC*",ROSTER!D$25:D$227,0),1) -> Trần Hoàng Nhung | K5: PHONE: | L5: =INDEX(ROSTER!$AL$25:$AL$211,MATCH('1 (2)'!J5,ROSTER!$B$25:$B$150,0),1) -> 0906852989
A6: ORD | B6: NAME AND SURNAME | C6: VAECO ID | D6: POSITION | E6: PHONE | F6: REMARK | H6: ORD | I6: NAME AND SURNAME | J6: VAECO ID | K6: POSITION | L6: PHONE | M6: REMARK | O6: Leader/GSGT
B7: =$B$3&"-128" -> HL8082-128 | I7: =$B$3&"-34567" -> HL8082-34567 | O7: PI/Leader/GSGT
A8: =IF(B8="","",ROW(A1)) -> 1 | B8: {=IFERROR(INDEX(ROSTER!$B$24:$B$150,MATCH(1,INDEX(($B$7=ROSTER!D$24:D$150)*(COUNTIFS(B$7:B7,ROSTER!$B$24:$B$150)=0),0,1),0),1),"")} -> Nguyễn Đức Tuân | C8: =IFERROR(INDEX(ROSTER!$C$24:$C$150,MATCH('1 (2)'!$B8,ROSTER!$B$24:$B$150,0),1),"") -> VAE00732 | D8: =IFERROR(INDEX(ROSTER!$AK$23:$AK$150,MATCH('1 (2)'!$B8,ROSTER!$B$23:$B$150,0),1),"") -> B1 B787/ATR/A321 | E8: =IFERROR(INDEX(ROSTER!$AL$23:$AL$150,MATCH('1 (2)'!$B8,ROSTER!$B$23:$B$150,0),1),"") -> 0979747380 | F8: Leader/GSGT | H8: =IF(I8="","",ROW(A1)) -> 1 | I8: {=IFERROR(INDEX(ROSTER!$B$24:$B$150,MATCH(1,INDEX(($I$7=ROSTER!D$24:D$150)*(COUNTIFS(I$7:I7,ROSTER!$B$24:$B$150)=0),0,1),0),1),"")} -> Lê Thanh Hải | J8: =IFERROR(INDEX(ROSTER!$C$24:$C$150,MATCH('1 (2)'!$I8,ROSTER!$B$24:$B$150,0),1),"") -> VAE02718 | K8: =IFERROR(INDEX(ROSTER!$AK$23:$AK$150,MATCH('1 (2)'!$I8,ROSTER!$B$23:$B$150,0),1),"") -> B1 B787/A321 | L8: =IFERROR(INDEX(ROSTER!$AL$23:$AL$150,MATCH('1 (2)'!$I8,ROSTER!$B$23:$B$150,0),1),"") -> 0979690783 | M8: SAG | O8: Test ACT/EMT
A9: =IF(B9="","",ROW(A2)) -> 2 | B9: {=IFERROR(INDEX(ROSTER!$B$24:$B$150,MATCH(1,INDEX(($B$7=ROSTER!D$24:D$150)*(COUNTIFS(B$7:B8,ROSTER!$B$24:$B$150)=0),0,1),0),1),"")} -> Nguyễn Văn Quyền | C9: =IFERROR(INDEX(ROSTER!$C$24:$C$150,MATCH('1 (2)'!$B9,ROSTER!$B$24:$B$150,0),1),"") -> VAE03234 | D9: =IFERROR(INDEX(ROSTER!$AK$23:$AK$150,MATCH('1 (2)'!$B9,ROSTER!$B$23:$B$150,0),1),"") -> B1 B787/A321 | E9: =IFERROR(INDEX(ROSTER!$AL$23:$AL$150,MATCH('1 (2)'!$B9,ROSTER!$B$23:$B$150,0),1),"") -> 0902164495 | F9: Leader/GSGT | H9: =IF(I9="","",ROW(A2)) -> 2 | I9: {=IFERROR(INDEX(ROSTER!$B$24:$B$150,MATCH(1,INDEX(($I$7=ROSTER!D$24:D$150)*(COUNTIFS(I$7:I8,ROSTER!$B$24:$B$150)=0),0,1),0),1),"")} -> Đào Việt Hải | J9: =IFERROR(INDEX(ROSTER!$C$24:$C$150,MATCH('1 (2)'!$I9,ROSTER!$B$24:$B$150,0),1),"") -> VAE00708 | K9: =IFERROR(INDEX(ROSTER!$AK$23:$AK$150,MATCH('1 (2)'!$I9,ROSTER!$B$23:$B$150,0),1),"") -> B1 787 | L9: =IFERROR(INDEX(ROSTER!$AL$23:$AL$150,MATCH('1 (2)'!$I9,ROSTER!$B$23:$B$150,0),1),"") -> 0908630644 | M9: Leader/GSGT | O9: TERM
A10: =IF(B10="","",ROW(A3)) -> 3 | B10: {=IFERROR(INDEX(ROSTER!$B$24:$B$150,MATCH(1,INDEX(($B$7=ROSTER!D$24:D$150)*(COUNTIFS(B$7:B9,ROSTER!$B$24:$B$150)=0),0,1),0),1),"")} -> Vũ Văn Mạnh | C10: =IFERROR(INDEX(ROSTER!$C$24:$C$150,MATCH('1 (2)'!$B10,ROSTER!$B$24:$B$150,0),1),"") -> VAE03240 | D10: =IFERROR(INDEX(ROSTER!$AK$23:$AK$150,MATCH('1 (2)'!$B10,ROSTER!$B$23:$B$150,0),1),"") -> B1 B787/A321 | E10: =IFERROR(INDEX(ROSTER!$AL$23:$AL$150,MATCH('1 (2)'!$B10,ROSTER!$B$23:$B$150,0),1),"") -> 0968697183 | H10: =IF(I10="","",ROW(A3)) -> 3 | I10: {=IFERROR(INDEX(ROSTER!$B$24:$B$150,MATCH(1,INDEX(($I$7=ROSTER!D$24:D$150)*(COUNTIFS(I$7:I9,ROSTER!$B$24:$B$150)=0),0,1),0),1),"")} -> Võ Tiến Dũng | J10: =IFERROR(INDEX(ROSTER!$C$24:$C$150,MATCH('1 (2)'!$I10,ROSTER!$B$24:$B$150,0),1),"") -> VAE00749 | K10: =IFERROR(INDEX(ROSTER!$AK$23:$AK$150,MATCH('1 (2)'!$I10,ROSTER!$B$23:$B$150,0),1),"") -> QM 787 | L10: =IFERROR(INDEX(ROSTER!$AL$23:$AL$150,MATCH('1 (2)'!$I10,ROSTER!$B$23:$B$150,0),1),"") -> 0375121297 | O10: SAG
A11: =IF(B11="","",ROW(A4)) -> 4 | B11: {=IFERROR(INDEX(ROSTER!$B$24:$B$150,MATCH(1,INDEX(($B$7=ROSTER!D$24:D$150)*(COUNTIFS(B$7:B10,ROSTER!$B$24:$B$150)=0),0,1),0),1),"")} -> Đoàn Mạnh Quyết | C11: =IFERROR(INDEX(ROSTER!$C$24:$C$150,MATCH('1 (2)'!$B11,ROSTER!$B$24:$B$150,0),1),"") -> VAE00521 | D11: =IFERROR(INDEX(ROSTER!$AK$23:$AK$150,MATCH('1 (2)'!$B11,ROSTER!$B$23:$B$150,0),1),"") -> QM 787 | E11: =IFERROR(INDEX(ROSTER!$AL$23:$AL$150,MATCH('1 (2)'!$B11,ROSTER!$B$23:$B$150,0),1),"") -> 0979789920 | H11: =IF(I11="","",ROW(A4)) -> 4 | I11: {=IFERROR(INDEX(ROSTER!$B$24:$B$150,MATCH(1,INDEX(($I$7=ROSTER!D$24:D$150)*(COUNTIFS(I$7:I10,ROSTER!$B$24:$B$150)=0),0,1),0),1),"")} -> Nguyễn Sinh Thái | J11: =IFERROR(INDEX(ROSTER!$C$24:$C$150,MATCH('1 (2)'!$I11,ROSTER!$B$24:$B$150,0),1),"") -> VAE04208 | K11: =IFERROR(INDEX(ROSTER!$AK$23:$AK$150,MATCH('1 (2)'!$I11,ROSTER!$B$23:$B$150,0),1),"") -> 0 | L11: =IFERROR(INDEX(ROSTER!$AL$23:$AL$150,MATCH('1 (2)'!$I11,ROSTER!$B$23:$B$150,0),1),"") -> 0 | M11: Tool TS5/LOCAL
A12: =IF(B12="","",ROW(A5)) -> 5 | B12: {=IFERROR(INDEX(ROSTER!$B$24:$B$150,MATCH(1,INDEX(($B$7=ROSTER!D$24:D$150)*(COUNTIFS(B$7:B11,ROSTER!$B$24:$B$150)=0),0,1),0),1),"")} -> Nguyễn Phan Hoàng Long | C12: =IFERROR(INDEX(ROSTER!$C$24:$C$150,MATCH('1 (2)'!$B12,ROSTER!$B$24:$B$150,0),1),"") -> VAE03596 | D12: =IFERROR(INDEX(ROSTER!$AK$23:$AK$150,MATCH('1 (2)'!$B12,ROSTER!$B$23:$B$150,0),1),"") -> QM AF | E12: =IFERROR(INDEX(ROSTER!$AL$23:$AL$150,MATCH('1 (2)'!$B12,ROSTER!$B$23:$B$150,0),1),"") -> 0967103203 | H12: =IF(I12="","",ROW(A5)) -> 5 | I12: {=IFERROR(INDEX(ROSTER!$B$24:$B$150,MATCH(1,INDEX(($I$7=ROSTER!D$24:D$150)*(COUNTIFS(I$7:I11,ROSTER!$B$24:$B$150)=0),0,1),0),1),"")} -> Thái Quang Anh | J12: =IFERROR(INDEX(ROSTER!$C$24:$C$150,MATCH('1 (2)'!$I12,ROSTER!$B$24:$B$150,0),1),"") -> VAE04252 | K12: =IFERROR(INDEX(ROSTER!$AK$23:$AK$150,MATCH('1 (2)'!$I12,ROSTER!$B$23:$B$150,0),1),"") -> 0 | L12: =IFERROR(INDEX(ROSTER!$AL$23:$AL$150,MATCH('1 (2)'!$I12,ROSTER!$B$23:$B$150,0),1),"") -> 0 | M12: Trực VS
A13: =IF(B13="","",ROW(A6)) -> 6 | B13: {=IFERROR(INDEX(ROSTER!$B$24:$B$150,MATCH(1,INDEX(($B$7=ROSTER!D$24:D$150)*(COUNTIFS(B$7:B12,ROSTER!$B$24:$B$150)=0),0,1),0),1),"")} -> Nguyễn An Bình | C13: =IFERROR(INDEX(ROSTER!$C$24:$C$150,MATCH('1 (2)'!$B13,ROSTER!$B$24:$B$150,0),1),"") -> VAE04051 | D13: =IFERROR(INDEX(ROSTER!$AK$23:$AK$150,MATCH('1 (2)'!$B13,ROSTER!$B$23:$B$150,0),1),"") -> MECH | E13: =IFERROR(INDEX(ROSTER!$AL$23:$AL$150,MATCH('1 (2)'!$B13,ROSTER!$B$23:$B$150,0),1),"") -> 0852188678 | F13: Tool TS5/LOCAL | H13: =IF(I13="","",ROW(A6)) -> 6 | I13: {=IFERROR(INDEX(ROSTER!$B$24:$B$150,MATCH(1,INDEX(($I$7=ROSTER!D$24:D$150)*(COUNTIFS(I$7:I12,ROSTER!$B$24:$B$150)=0),0,1),0),1),"")} -> Bùi Phú Duy | J13: =IFERROR(INDEX(ROSTER!$C$24:$C$150,MATCH('1 (2)'!$I13,ROSTER!$B$24:$B$150,0),1),"") -> VAE04017 | K13: =IFERROR(INDEX(ROSTER!$AK$23:$AK$150,MATCH('1 (2)'!$I13,ROSTER!$B$23:$B$150,0),1),"") -> 0 | L13: =IFERROR(INDEX(ROSTER!$AL$23:$AL$150,MATCH('1 (2)'!$I13,ROSTER!$B$23:$B$150,0),1),"") -> 0 | M13: Trực VS
A14: =IF(B14="","",ROW(A7)) -> 7 | B14: {=IFERROR(INDEX(ROSTER!$B$24:$B$150,MATCH(1,INDEX(($B$7=ROSTER!D$24:D$150)*(COUNTIFS(B$7:B13,ROSTER!$B$24:$B$150)=0),0,1),0),1),"")} -> Nguyễn Thành Trung | C14: =IFERROR(INDEX(ROSTER!$C$24:$C$150,MATCH('1 (2)'!$B14,ROSTER!$B$24:$B$150,0),1),"") -> VAE04031 | D14: =IFERROR(INDEX(ROSTER!$AK$23:$AK$150,MATCH('1 (2)'!$B14,ROSTER!$B$23:$B$150,0),1),"") -> MECH | E14: =IFERROR(INDEX(ROSTER!$AL$23:$AL$150,MATCH('1 (2)'!$B14,ROSTER!$B$23:$B$150,0),1),"") -> 0962516841 | F14: Tool TS5/LOCAL | H14: =IF(I14="","",ROW(A7)) -> 7 | I14: {=IFERROR(INDEX(ROSTER!$B$24:$B$150,MATCH(1,INDEX(($I$7=ROSTER!D$24:D$150)*(COUNTIFS(I$7:I13,ROSTER!$B$24:$B$150)=0),0,1),0),1),"")} -> Nguyễn Thiên Đình | J14: =IFERROR(INDEX(ROSTER!$C$24:$C$150,MATCH('1 (2)'!$I14,ROSTER!$B$24:$B$150,0),1),"") -> VAE03084 | K14: =IFERROR(INDEX(ROSTER!$AK$23:$AK$150,MATCH('1 (2)'!$I14,ROSTER!$B$23:$B$150,0),1),"") -> 0 | L14: =IFERROR(INDEX(ROSTER!$AL$23:$AL$150,MATCH('1 (2)'!$I14,ROSTER!$B$23:$B$150,0),1),"") -> 0
A15: =IF(B15="","",ROW(A8)) -> 8 | B15: {=IFERROR(INDEX(ROSTER!$B$24:$B$150,MATCH(1,INDEX(($B$7=ROSTER!D$24:D$150)*(COUNTIFS(B$7:B14,ROSTER!$B$24:$B$150)=0),0,1),0),1),"")} -> Nguyễn Quang Vinh | C15: =IFERROR(INDEX(ROSTER!$C$24:$C$150,MATCH('1 (2)'!$B15,ROSTER!$B$24:$B$150,0),1),"") -> VAE04206 | D15: =IFERROR(INDEX(ROSTER!$AK$23:$AK$150,MATCH('1 (2)'!$B15,ROSTER!$B$23:$B$150,0),1),"") -> 0 | E15: =IFERROR(INDEX(ROSTER!$AL$23:$AL$150,MATCH('1 (2)'!$B15,ROSTER!$B$23:$B$150,0),1),"") -> 0 | F15: Trực VS | H15: =IF(I15="","",ROW(A8)) | I15: {=IFERROR(INDEX(ROSTER!$B$24:$B$150,MATCH(1,INDEX(($I$7=ROSTER!D$24:D$150)*(COUNTIFS(I$7:I14,ROSTER!$B$24:$B$150)=0),0,1),0),1),"")} | J15: =IFERROR(INDEX(ROSTER!$C$24:$C$150,MATCH('1 (2)'!$I15,ROSTER!$B$24:$B$150,0),1),"") | K15: =IFERROR(INDEX(ROSTER!$AK$23:$AK$150,MATCH('1 (2)'!$I15,ROSTER!$B$23:$B$150,0),1),"") | L15: =IFERROR(INDEX(ROSTER!$AL$23:$AL$150,MATCH('1 (2)'!$I15,ROSTER!$B$23:$B$150,0),1),"")
A16: =IF(B16="","",ROW(A9)) -> 9 | B16: {=IFERROR(INDEX(ROSTER!$B$24:$B$150,MATCH(1,INDEX(($B$7=ROSTER!D$24:D$150)*(COUNTIFS(B$7:B15,ROSTER!$B$24:$B$150)=0),0,1),0),1),"")} -> Đặng Phương Nam | C16: =IFERROR(INDEX(ROSTER!$C$24:$C$150,MATCH('1 (2)'!$B16,ROSTER!$B$24:$B$150,0),1),"") -> VAE04213 | D16: =IFERROR(INDEX(ROSTER!$AK$23:$AK$150,MATCH('1 (2)'!$B16,ROSTER!$B$23:$B$150,0),1),"") -> 0 | E16: =IFERROR(INDEX(ROSTER!$AL$23:$AL$150,MATCH('1 (2)'!$B16,ROSTER!$B$23:$B$150,0),1),"") -> 0 | H16: =IF(I16="","",ROW(A9)) | I16: {=IFERROR(INDEX(ROSTER!$B$24:$B$150,MATCH(1,INDEX(($I$7=ROSTER!D$24:D$150)*(COUNTIFS(I$7:I15,ROSTER!$B$24:$B$150)=0),0,1),0),1),"")} | J16: =IFERROR(INDEX(ROSTER!$C$24:$C$150,MATCH('1 (2)'!$I16,ROSTER!$B$24:$B$150,0),1),"") | K16: =IFERROR(INDEX(ROSTER!$AK$23:$AK$150,MATCH('1 (2)'!$I16,ROSTER!$B$23:$B$150,0),1),"") | L16: =IFERROR(INDEX(ROSTER!$AL$23:$AL$150,MATCH('1 (2)'!$I16,ROSTER!$B$23:$B$150,0),1),"")
A17: =IF(B17="","",ROW(A10)) | B17: {=IFERROR(INDEX(ROSTER!$B$24:$B$150,MATCH(1,INDEX(($B$7=ROSTER!D$24:D$150)*(COUNTIFS(B$7:B16,ROSTER!$B$24:$B$150)=0),0,1),0),1),"")} | C17: =IFERROR(INDEX(ROSTER!$C$24:$C$150,MATCH('1 (2)'!$B17,ROSTER!$B$24:$B$150,0),1),"") | D17: =IFERROR(INDEX(ROSTER!$AK$23:$AK$150,MATCH('1 (2)'!$B17,ROSTER!$B$23:$B$150,0),1),"") | E17: =IFERROR(INDEX(ROSTER!$AL$23:$AL$150,MATCH('1 (2)'!$B17,ROSTER!$B$23:$B$150,0),1),"") | H17: =IF(I17="","",ROW(A10)) | I17: {=IFERROR(INDEX(ROSTER!$B$24:$B$150,MATCH(1,INDEX(($I$7=ROSTER!D$24:D$150)*(COUNTIFS(I$7:I16,ROSTER!$B$24:$B$150)=0),0,1),0),1),"")} | J17: =IFERROR(INDEX(ROSTER!$C$24:$C$150,MATCH('1 (2)'!$I17,ROSTER!$B$24:$B$150,0),1),"") | K17: =IFERROR(INDEX(ROSTER!$AK$23:$AK$150,MATCH('1 (2)'!$I17,ROSTER!$B$23:$B$150,0),1),"") | L17: =IFERROR(INDEX(ROSTER!$AL$23:$AL$150,MATCH('1 (2)'!$I17,ROSTER!$B$23:$B$150,0),1),"")
A18: =IF(B18="","",ROW(A11)) | B18: {=IFERROR(INDEX(ROSTER!$B$24:$B$150,MATCH(1,INDEX(($B$7=ROSTER!D$24:D$150)*(COUNTIFS(B$7:B17,ROSTER!$B$24:$B$150)=0),0,1),0),1),"")} | C18: =IFERROR(INDEX(ROSTER!$C$24:$C$150,MATCH('1 (2)'!$B18,ROSTER!$B$24:$B$150,0),1),"") | D18: =IFERROR(INDEX(ROSTER!$AK$23:$AK$150,MATCH('1 (2)'!$B18,ROSTER!$B$23:$B$150,0),1),"") | E18: =IFERROR(INDEX(ROSTER!$AL$23:$AL$150,MATCH('1 (2)'!$B18,ROSTER!$B$23:$B$150,0),1),"") | H18: =IF(I18="","",ROW(A11)) | I18: {=IFERROR(INDEX(ROSTER!$B$24:$B$150,MATCH(1,INDEX(($I$7=ROSTER!D$24:D$150)*(COUNTIFS(I$7:I17,ROSTER!$B$24:$B$150)=0),0,1),0),1),"")} | J18: =IFERROR(INDEX(ROSTER!$C$24:$C$150,MATCH('1 (2)'!$I18,ROSTER!$B$24:$B$150,0),1),"") | K18: =IFERROR(INDEX(ROSTER!$AK$23:$AK$150,MATCH('1 (2)'!$I18,ROSTER!$B$23:$B$150,0),1),"") | L18: =IFERROR(INDEX(ROSTER!$AL$23:$AL$150,MATCH('1 (2)'!$I18,ROSTER!$B$23:$B$150,0),1),"")
A19: =IF(B19="","",ROW(A12)) | B19: {=IFERROR(INDEX(ROSTER!$B$24:$B$150,MATCH(1,INDEX(($B$7=ROSTER!D$24:D$150)*(COUNTIFS(B$7:B18,ROSTER!$B$24:$B$150)=0),0,1),0),1),"")} | C19: =IFERROR(INDEX(ROSTER!$C$24:$C$150,MATCH('1 (2)'!$B19,ROSTER!$B$24:$B$150,0),1),"") | D19: =IFERROR(INDEX(ROSTER!$AK$23:$AK$150,MATCH('1 (2)'!$B19,ROSTER!$B$23:$B$150,0),1),"") | E19: =IFERROR(INDEX(ROSTER!$AL$23:$AL$150,MATCH('1 (2)'!$B19,ROSTER!$B$23:$B$150,0),1),"") | H19: =IF(I19="","",ROW(A12)) | I19: {=IFERROR(INDEX(ROSTER!$B$24:$B$150,MATCH(1,INDEX(($I$7=ROSTER!D$24:D$150)*(COUNTIFS(I$7:I18,ROSTER!$B$24:$B$150)=0),0,1),0),1),"")} | J19: =IFERROR(INDEX(ROSTER!$C$24:$C$150,MATCH('1 (2)'!$I19,ROSTER!$B$24:$B$150,0),1),"") | K19: =IFERROR(INDEX(ROSTER!$AK$23:$AK$150,MATCH('1 (2)'!$I19,ROSTER!$B$23:$B$150,0),1),"") | L19: =IFERROR(INDEX(ROSTER!$AL$23:$AL$150,MATCH('1 (2)'!$I19,ROSTER!$B$23:$B$150,0),1),"")
B20: =$B$3&"-AVI" -> HL8082-AVI | H20: =IF(I20="","",ROW(A13)) | I20: {=IFERROR(INDEX(ROSTER!$B$24:$B$150,MATCH(1,INDEX(($I$7=ROSTER!D$24:D$150)*(COUNTIFS(I$7:I19,ROSTER!$B$24:$B$150)=0),0,1),0),1),"")} | J20: =IFERROR(INDEX(ROSTER!$C$24:$C$150,MATCH('1 (2)'!$I20,ROSTER!$B$24:$B$150,0),1),"") | K20: =IFERROR(INDEX(ROSTER!$AK$23:$AK$150,MATCH('1 (2)'!$I20,ROSTER!$B$23:$B$150,0),1),"") | L20: =IFERROR(INDEX(ROSTER!$AL$23:$AL$150,MATCH('1 (2)'!$I20,ROSTER!$B$23:$B$150,0),1),"")
A21: =IF(B21="","",ROW(A1)) -> 1 | B21: {=IFERROR(INDEX(ROSTER!$B$24:$B$150,MATCH(1,INDEX(($B$20=ROSTER!D$24:D$150)*(COUNTIFS(B$7:B20,ROSTER!$B$24:$B$150)=0),0,1),0),1),"")} -> Đậu Thanh Tâm | C21: =IFERROR(INDEX(ROSTER!$C$24:$C$150,MATCH('1 (2)'!$B21,ROSTER!$B$24:$B$150,0),1),"") -> VAE00742 | D21: =IFERROR(INDEX(ROSTER!$AK$23:$AK$150,MATCH('1 (2)'!$B21,ROSTER!$B$23:$B$150,0),1),"") -> B2 787 | E21: =IFERROR(INDEX(ROSTER!$AL$23:$AL$150,MATCH('1 (2)'!$B21,ROSTER!$B$23:$B$150,0),1),"") -> 0903804857 | H21: =IF(I21="","",ROW(A14)) | I21: {=IFERROR(INDEX(ROSTER!$B$24:$B$150,MATCH(1,INDEX(($I$7=ROSTER!D$24:D$150)*(COUNTIFS(I$7:I20,ROSTER!$B$24:$B$150)=0),0,1),0),1),"")} | J21: =IFERROR(INDEX(ROSTER!$C$24:$C$150,MATCH('1 (2)'!$I21,ROSTER!$B$24:$B$150,0),1),"") | K21: =IFERROR(INDEX(ROSTER!$AK$23:$AK$150,MATCH('1 (2)'!$I21,ROSTER!$B$23:$B$150,0),1),"") | L21: =IFERROR(INDEX(ROSTER!$AL$23:$AL$150,MATCH('1 (2)'!$I21,ROSTER!$B$23:$B$150,0),1),"")
A22: =IF(B22="","",ROW(A2)) -> 2 | B22: {=IFERROR(INDEX(ROSTER!$B$24:$B$150,MATCH(1,INDEX(($B$20=ROSTER!D$24:D$150)*(COUNTIFS(B$7:B21,ROSTER!$B$24:$B$150)=0),0,1),0),1),"")} -> Đoàn Văn Tú | C22: =IFERROR(INDEX(ROSTER!$C$24:$C$150,MATCH('1 (2)'!$B22,ROSTER!$B$24:$B$150,0),1),"") -> VAE00256 | D22: =IFERROR(INDEX(ROSTER!$AK$23:$AK$150,MATCH('1 (2)'!$B22,ROSTER!$B$23:$B$150,0),1),"") -> B2 B787/A321 | E22: =IFERROR(INDEX(ROSTER!$AL$23:$AL$70,MATCH('1 (2)'!$B22,ROSTER!$B$23:$B$150,0),1),"") -> 0917384394 | H22: =IF(I22="","",ROW(A15)) | I22: {=IFERROR(INDEX(ROSTER!$B$24:$B$150,MATCH(1,INDEX(($I$7=ROSTER!D$24:D$150)*(COUNTIFS(I$7:I21,ROSTER!$B$24:$B$150)=0),0,1),0),1),"")} | J22: =IFERROR(INDEX(ROSTER!$C$24:$C$150,MATCH('1 (2)'!$I22,ROSTER!$B$24:$B$150,0),1),"") | K22: =IFERROR(INDEX(ROSTER!$AK$23:$AK$150,MATCH('1 (2)'!$I22,ROSTER!$B$23:$B$150,0),1),"") | L22: =IFERROR(INDEX(ROSTER!$AL$23:$AL$150,MATCH('1 (2)'!$I22,ROSTER!$B$23:$B$150,0),1),"")
A23: =IF(B23="","",ROW(A3)) -> 3 | B23: {=IFERROR(INDEX(ROSTER!$B$24:$B$150,MATCH(1,INDEX(($B$20=ROSTER!D$24:D$150)*(COUNTIFS(B$7:B22,ROSTER!$B$24:$B$150)=0),0,1),0),1),"")} -> Đinh Vương Anh Thông | C23: =IFERROR(INDEX(ROSTER!$C$24:$C$150,MATCH('1 (2)'!$B23,ROSTER!$B$24:$B$150,0),1),"") -> VAE03590 | D23: =IFERROR(INDEX(ROSTER!$AK$23:$AK$150,MATCH('1 (2)'!$B23,ROSTER!$B$23:$B$150,0),1),"") -> EA 787/321 | E23: =IFERROR(INDEX(ROSTER!$AL$23:$AL$70,MATCH('1 (2)'!$B23,ROSTER!$B$23:$B$150,0),1),"") -> 0943213677 | F23: Trực VS | H23: =IF(I23="","",ROW(A16)) | I23: {=IFERROR(INDEX(ROSTER!$B$24:$B$150,MATCH(1,INDEX(($I$7=ROSTER!D$24:D$150)*(COUNTIFS(I$7:I22,ROSTER!$B$24:$B$150)=0),0,1),0),1),"")} | J23: =IFERROR(INDEX(ROSTER!$C$24:$C$150,MATCH('1 (2)'!$I23,ROSTER!$B$24:$B$150,0),1),"") | K23: =IFERROR(INDEX(ROSTER!$AK$23:$AK$150,MATCH('1 (2)'!$I23,ROSTER!$B$23:$B$150,0),1),"") | L23: =IFERROR(INDEX(ROSTER!$AL$23:$AL$150,MATCH('1 (2)'!$I23,ROSTER!$B$23:$B$150,0),1),"")
A24: =IF(B24="","",ROW(A4)) -> 4 | B24: {=IFERROR(INDEX(ROSTER!$B$24:$B$150,MATCH(1,INDEX(($B$20=ROSTER!D$24:D$150)*(COUNTIFS(B$7:B23,ROSTER!$B$24:$B$150)=0),0,1),0),1),"")} -> Nguyễn Trương Tân | C24: =IFERROR(INDEX(ROSTER!$C$24:$C$150,MATCH('1 (2)'!$B24,ROSTER!$B$24:$B$150,0),1),"") -> VAE04019 | D24: =IFERROR(INDEX(ROSTER!$AK$23:$AK$150,MATCH('1 (2)'!$B24,ROSTER!$B$23:$B$150,0),1),"") -> EA 787 | E24: =IFERROR(INDEX(ROSTER!$AL$23:$AL$70,MATCH('1 (2)'!$B24,ROSTER!$B$23:$B$150,0),1),"") -> 0902827093 | F24: Tool TS5/LOCAL | H24: =IF(I24="","",ROW(A17)) | I24: {=IFERROR(INDEX(ROSTER!$B$24:$B$150,MATCH(1,INDEX(($I$7=ROSTER!D$24:D$150)*(COUNTIFS(I$7:I23,ROSTER!$B$24:$B$150)=0),0,1),0),1),"")} | J24: =IFERROR(INDEX(ROSTER!$C$24:$C$150,MATCH('1 (2)'!$I24,ROSTER!$B$24:$B$150,0),1),"") | K24: =IFERROR(INDEX(ROSTER!$AK$23:$AK$150,MATCH('1 (2)'!$I24,ROSTER!$B$23:$B$150,0),1),"") | L24: =IFERROR(INDEX(ROSTER!$AL$23:$AL$150,MATCH('1 (2)'!$I24,ROSTER!$B$23:$B$150,0),1),"")
A25: =IF(B25="","",ROW(A5)) -> 5 | B25: {=IFERROR(INDEX(ROSTER!$B$24:$B$150,MATCH(1,INDEX(($B$20=ROSTER!D$24:D$150)*(COUNTIFS(B$7:B24,ROSTER!$B$24:$B$150)=0),0,1),0),1),"")} -> Nguyễn Hữu Hoàng | C25: =IFERROR(INDEX(ROSTER!$C$24:$C$150,MATCH('1 (2)'!$B25,ROSTER!$B$24:$B$150,0),1),"") -> VAE03618 | D25: =IFERROR(INDEX(ROSTER!$AK$23:$AK$150,MATCH('1 (2)'!$B25,ROSTER!$B$23:$B$150,0),1),"") -> EA 787/321 | E25: =IFERROR(INDEX(ROSTER!$AL$23:$AL$70,MATCH('1 (2)'!$B25,ROSTER!$B$23:$B$150,0),1),"") -> 0937919456 | F25: Leader/GSGT | H25: =IF(I25="","",ROW(A18)) | I25: {=IFERROR(INDEX(ROSTER!$B$24:$B$150,MATCH(1,INDEX(($I$7=ROSTER!D$24:D$150)*(COUNTIFS(I$7:I24,ROSTER!$B$24:$B$150)=0),0,1),0),1),"")} | J25: =IFERROR(INDEX(ROSTER!$C$24:$C$150,MATCH('1 (2)'!$I25,ROSTER!$B$24:$B$150,0),1),"") | K25: =IFERROR(INDEX(ROSTER!$AK$23:$AK$150,MATCH('1 (2)'!$I25,ROSTER!$B$23:$B$150,0),1),"") | L25: =IFERROR(INDEX(ROSTER!$AL$23:$AL$150,MATCH('1 (2)'!$I25,ROSTER!$B$23:$B$150,0),1),"")
A26: =IF(B26="","",ROW(A6)) -> 6 | B26: {=IFERROR(INDEX(ROSTER!$B$24:$B$150,MATCH(1,INDEX(($B$20=ROSTER!D$24:D$150)*(COUNTIFS(B$7:B25,ROSTER!$B$24:$B$150)=0),0,1),0),1),"")} -> Trần Anh Tuấn PKT | C26: =IFERROR(INDEX(ROSTER!$C$24:$C$150,MATCH('1 (2)'!$B26,ROSTER!$B$24:$B$150,0),1),"") -> VAE01351 | D26: =IFERROR(INDEX(ROSTER!$AK$23:$AK$150,MATCH('1 (2)'!$B26,ROSTER!$B$23:$B$150,0),1),"") -> B2 787/321 | E26: =IFERROR(INDEX(ROSTER!$AL$23:$AL$150,MATCH('1 (2)'!$B26,ROSTER!$B$23:$B$150,0),1),"") -> 0918056705 | H26: =IF(I26="","",ROW(A19)) | I26: {=IFERROR(INDEX(ROSTER!$B$24:$B$150,MATCH(1,INDEX(($I$7=ROSTER!D$24:D$150)*(COUNTIFS(I$7:I25,ROSTER!$B$24:$B$150)=0),0,1),0),1),"")} | J26: =IFERROR(INDEX(ROSTER!$C$24:$C$150,MATCH('1 (2)'!$I26,ROSTER!$B$24:$B$150,0),1),"") | K26: =IFERROR(INDEX(ROSTER!$AK$23:$AK$150,MATCH('1 (2)'!$I26,ROSTER!$B$23:$B$150,0),1),"") | L26: =IFERROR(INDEX(ROSTER!$AL$23:$AL$150,MATCH('1 (2)'!$I26,ROSTER!$B$23:$B$150,0),1),"")
A27: =IF(B27="","",ROW(A7)) | B27: {=IFERROR(INDEX(ROSTER!$B$24:$B$150,MATCH(1,INDEX(($B$20=ROSTER!D$24:D$150)*(COUNTIFS(B$7:B26,ROSTER!$B$24:$B$150)=0),0,1),0),1),"")} | C27: =IFERROR(INDEX(ROSTER!$C$24:$C$150,MATCH('1 (2)'!$B27,ROSTER!$B$24:$B$150,0),1),"") | D27: =IFERROR(INDEX(ROSTER!$AK$23:$AK$150,MATCH('1 (2)'!$B27,ROSTER!$B$23:$B$150,0),1),"") | E27: =IFERROR(INDEX(ROSTER!$AL$23:$AL$70,MATCH('1 (2)'!$B27,ROSTER!$B$23:$B$150,0),1),"") | H27: =IF(I27="","",ROW(A20)) | I27: {=IFERROR(INDEX(ROSTER!$B$24:$B$150,MATCH(1,INDEX(($I$7=ROSTER!D$24:D$150)*(COUNTIFS(I$7:I26,ROSTER!$B$24:$B$150)=0),0,1),0),1),"")} | J27: =IFERROR(INDEX(ROSTER!$C$24:$C$150,MATCH('1 (2)'!$I27,ROSTER!$B$24:$B$150,0),1),"") | K27: =IFERROR(INDEX(ROSTER!$AK$23:$AK$150,MATCH('1 (2)'!$I27,ROSTER!$B$23:$B$150,0),1),"") | L27: =IFERROR(INDEX(ROSTER!$AL$23:$AL$150,MATCH('1 (2)'!$I27,ROSTER!$B$23:$B$150,0),1),"")
A28: =IF(B28="","",ROW(A8)) | B28: {=IFERROR(INDEX(ROSTER!$B$24:$B$150,MATCH(1,INDEX(($B$20=ROSTER!D$24:D$150)*(COUNTIFS(B$7:B27,ROSTER!$B$24:$B$150)=0),0,1),0),1),"")} | C28: =IFERROR(INDEX(ROSTER!$C$24:$C$150,MATCH('1 (2)'!$B28,ROSTER!$B$24:$B$150,0),1),"") | D28: =IFERROR(INDEX(ROSTER!$AK$23:$AK$150,MATCH('1 (2)'!$B28,ROSTER!$B$23:$B$150,0),1),"") | E28: =IFERROR(INDEX(ROSTER!$AL$23:$AL$150,MATCH('1 (2)'!$B28,ROSTER!$B$23:$B$150,0),1),"") | H28: =IF(I28="","",ROW(A21)) | I28: {=IFERROR(INDEX(ROSTER!$B$24:$B$150,MATCH(1,INDEX(($I$7=ROSTER!D$24:D$150)*(COUNTIFS(I$7:I27,ROSTER!$B$24:$B$150)=0),0,1),0),1),"")} | J28: =IFERROR(INDEX(ROSTER!$C$24:$C$150,MATCH('1 (2)'!$I28,ROSTER!$B$24:$B$150,0),1),"") | K28: =IFERROR(INDEX(ROSTER!$AK$23:$AK$150,MATCH('1 (2)'!$I28,ROSTER!$B$23:$B$150,0),1),"") | L28: =IFERROR(INDEX(ROSTER!$AL$23:$AL$150,MATCH('1 (2)'!$I28,ROSTER!$B$23:$B$150,0),1),"")
A29: =IF(B29="","",ROW(A9)) | B29: {=IFERROR(INDEX(ROSTER!$B$24:$B$150,MATCH(1,INDEX(($B$20=ROSTER!D$24:D$150)*(COUNTIFS(B$7:B28,ROSTER!$B$24:$B$150)=0),0,1),0),1),"")} | C29: =IFERROR(INDEX(ROSTER!$C$24:$C$150,MATCH('1 (2)'!$B29,ROSTER!$B$24:$B$150,0),1),"") | D29: =IFERROR(INDEX(ROSTER!$AK$23:$AK$150,MATCH('1 (2)'!$B29,ROSTER!$B$23:$B$150,0),1),"") | E29: =IFERROR(INDEX(ROSTER!$AL$23:$AL$70,MATCH('1 (2)'!$B29,ROSTER!$B$23:$B$150,0),1),"") | H29: =IF(I29="","",ROW(A22)) | I29: {=IFERROR(INDEX(ROSTER!$B$24:$B$150,MATCH(1,INDEX(($I$7=ROSTER!D$24:D$150)*(COUNTIFS(I$7:I28,ROSTER!$B$24:$B$150)=0),0,1),0),1),"")} | J29: =IFERROR(INDEX(ROSTER!$C$24:$C$150,MATCH('1 (2)'!$I29,ROSTER!$B$24:$B$150,0),1),"") | K29: =IFERROR(INDEX(ROSTER!$AK$23:$AK$150,MATCH('1 (2)'!$I29,ROSTER!$B$23:$B$150,0),1),"") | L29: =IFERROR(INDEX(ROSTER!$AL$23:$AL$150,MATCH('1 (2)'!$I29,ROSTER!$B$23:$B$150,0),1),"")
H54: =IF(I54="","",ROW(A48)) | I54: {=IFERROR(INDEX(ROSTER!$B$24:$B$150,MATCH(1,INDEX(($I$7=ROSTER!D$24:D$150)*(COUNTIFS(I$7:I53,ROSTER!$B$24:$B$150)=0),0,1),0),1),"")} | J54: =IFERROR(INDEX(ROSTER!$C$24:$C$150,MATCH('1 (2)'!$I54,ROSTER!$B$24:$B$150,0),1),"") | K54: =IFERROR(INDEX(ROSTER!$AK$23:$AK$150,MATCH('1 (2)'!$I54,ROSTER!$B$23:$B$150,0),1),"") | L54: =IFERROR(INDEX(ROSTER!$AL$23:$AL$150,MATCH('1 (2)'!$I54,ROSTER!$B$23:$B$150,0),1),"")
H55: =IF(I55="","",ROW(A49)) | I55: {=IFERROR(INDEX(ROSTER!$B$24:$B$150,MATCH(1,INDEX(($I$7=ROSTER!D$24:D$150)*(COUNTIFS(I$7:I54,ROSTER!$B$24:$B$150)=0),0,1),0),1),"")} | J55: =IFERROR(INDEX(ROSTER!$C$24:$C$150,MATCH('1 (2)'!$I55,ROSTER!$B$24:$B$150,0),1),"") | K55: =IFERROR(INDEX(ROSTER!$AK$23:$AK$150,MATCH('1 (2)'!$I55,ROSTER!$B$23:$B$150,0),1),"") | L55: =IFERROR(INDEX(ROSTER!$AL$23:$AL$150,MATCH('1 (2)'!$I55,ROSTER!$B$23:$B$150,0),1),"")
H56: =IF(I56="","",ROW(A50)) | I56: {=IFERROR(INDEX(ROSTER!$B$24:$B$150,MATCH(1,INDEX(($I$7=ROSTER!D$24:D$150)*(COUNTIFS(I$7:I55,ROSTER!$B$24:$B$150)=0),0,1),0),1),"")} | J56: =IFERROR(INDEX(ROSTER!$C$24:$C$150,MATCH('1 (2)'!$I56,ROSTER!$B$24:$B$150,0),1),"") | K56: =IFERROR(INDEX(ROSTER!$AK$23:$AK$150,MATCH('1 (2)'!$I56,ROSTER!$B$23:$B$150,0),1),"") | L56: =IFERROR(INDEX(ROSTER!$AL$23:$AL$150,MATCH('1 (2)'!$I56,ROSTER!$B$23:$B$150,0),1),"")
H57: =IF(I57="","",ROW(A51)) | I57: {=IFERROR(INDEX(ROSTER!$B$24:$B$150,MATCH(1,INDEX(($I$7=ROSTER!D$24:D$150)*(COUNTIFS(I$7:I56,ROSTER!$B$24:$B$150)=0),0,1),0),1),"")} | J57: =IFERROR(INDEX(ROSTER!$C$24:$C$150,MATCH('1 (2)'!$I57,ROSTER!$B$24:$B$150,0),1),"") | K57: =IFERROR(INDEX(ROSTER!$AK$23:$AK$150,MATCH('1 (2)'!$I57,ROSTER!$B$23:$B$150,0),1),"") | L57: =IFERROR(INDEX(ROSTER!$AL$23:$AL$150,MATCH('1 (2)'!$I57,ROSTER!$B$23:$B$150,0),1),"")
H58: =IF(I58="","",ROW(A52)) | I58: {=IFERROR(INDEX(ROSTER!$B$24:$B$150,MATCH(1,INDEX(($I$7=ROSTER!D$24:D$150)*(COUNTIFS(I$7:I57,ROSTER!$B$24:$B$150)=0),0,1),0),1),"")} | J58: =IFERROR(INDEX(ROSTER!$C$24:$C$150,MATCH('1 (2)'!$I58,ROSTER!$B$24:$B$150,0),1),"") | K58: =IFERROR(INDEX(ROSTER!$AK$23:$AK$150,MATCH('1 (2)'!$I58,ROSTER!$B$23:$B$150,0),1),"") | L58: =IFERROR(INDEX(ROSTER!$AL$23:$AL$150,MATCH('1 (2)'!$I58,ROSTER!$B$23:$B$150,0),1),"")
H59: =IF(I59="","",ROW(A53)) | I59: {=IFERROR(INDEX(ROSTER!$B$24:$B$150,MATCH(1,INDEX(($I$7=ROSTER!D$24:D$150)*(COUNTIFS(I$7:I58,ROSTER!$B$24:$B$150)=0),0,1),0),1),"")} | J59: =IFERROR(INDEX(ROSTER!$C$24:$C$150,MATCH('1 (2)'!$I59,ROSTER!$B$24:$B$150,0),1),"") | K59: =IFERROR(INDEX(ROSTER!$AK$23:$AK$150,MATCH('1 (2)'!$I59,ROSTER!$B$23:$B$150,0),1),"") | L59: =IFERROR(INDEX(ROSTER!$AL$23:$AL$150,MATCH('1 (2)'!$I59,ROSTER!$B$23:$B$150,0),1),"")
H60: =IF(I60="","",ROW(A54)) | I60: {=IFERROR(INDEX(ROSTER!$B$24:$B$150,MATCH(1,INDEX(($I$7=ROSTER!D$24:D$150)*(COUNTIFS(I$7:I59,ROSTER!$B$24:$B$150)=0),0,1),0),1),"")} | J60: =IFERROR(INDEX(ROSTER!$C$24:$C$150,MATCH('1 (2)'!$I60,ROSTER!$B$24:$B$150,0),1),"") | K60: =IFERROR(INDEX(ROSTER!$AK$23:$AK$150,MATCH('1 (2)'!$I60,ROSTER!$B$23:$B$150,0),1),"") | L60: =IFERROR(INDEX(ROSTER!$AL$23:$AL$150,MATCH('1 (2)'!$I60,ROSTER!$B$23:$B$150,0),1),"")
H61: =IF(I61="","",ROW(A55)) | I61: {=IFERROR(INDEX(ROSTER!$B$24:$B$150,MATCH(1,INDEX(($I$7=ROSTER!D$24:D$150)*(COUNTIFS(I$7:I60,ROSTER!$B$24:$B$150)=0),0,1),0),1),"")} | J61: =IFERROR(INDEX(ROSTER!$C$24:$C$150,MATCH('1 (2)'!$I61,ROSTER!$B$24:$B$150,0),1),"") | K61: =IFERROR(INDEX(ROSTER!$AK$23:$AK$150,MATCH('1 (2)'!$I61,ROSTER!$B$23:$B$150,0),1),"") | L61: =IFERROR(INDEX(ROSTER!$AL$23:$AL$150,MATCH('1 (2)'!$I61,ROSTER!$B$23:$B$150,0),1),"")
H62: =IF(I62="","",ROW(A56)) | I62: {=IFERROR(INDEX(ROSTER!$B$24:$B$150,MATCH(1,INDEX(($I$7=ROSTER!D$24:D$150)*(COUNTIFS(I$7:I61,ROSTER!$B$24:$B$150)=0),0,1),0),1),"")} | J62: =IFERROR(INDEX(ROSTER!$C$24:$C$150,MATCH('1 (2)'!$I62,ROSTER!$B$24:$B$150,0),1),"") | K62: =IFERROR(INDEX(ROSTER!$AK$23:$AK$150,MATCH('1 (2)'!$I62,ROSTER!$B$23:$B$150,0),1),"") | L62: =IFERROR(INDEX(ROSTER!$AL$23:$AL$150,MATCH('1 (2)'!$I62,ROSTER!$B$23:$B$150,0),1),"")
H63: =IF(I63="","",ROW(A57)) | I63: {=IFERROR(INDEX(ROSTER!$B$24:$B$150,MATCH(1,INDEX(($I$7=ROSTER!D$24:D$150)*(COUNTIFS(I$7:I62,ROSTER!$B$24:$B$150)=0),0,1),0),1),"")} | J63: =IFERROR(INDEX(ROSTER!$C$24:$C$150,MATCH('1 (2)'!$I63,ROSTER!$B$24:$B$150,0),1),"") | K63: =IFERROR(INDEX(ROSTER!$AK$23:$AK$150,MATCH('1 (2)'!$I63,ROSTER!$B$23:$B$150,0),1),"") | L63: =IFERROR(INDEX(ROSTER!$AL$23:$AL$150,MATCH('1 (2)'!$I63,ROSTER!$B$23:$B$150,0),1),"")
H64: =IF(I64="","",ROW(A58)) | I64: {=IFERROR(INDEX(ROSTER!$B$24:$B$150,MATCH(1,INDEX(($I$7=ROSTER!D$24:D$150)*(COUNTIFS(I$7:I63,ROSTER!$B$24:$B$150)=0),0,1),0),1),"")} | J64: =IFERROR(INDEX(ROSTER!$C$24:$C$150,MATCH('1 (2)'!$I64,ROSTER!$B$24:$B$150,0),1),"") | K64: =IFERROR(INDEX(ROSTER!$AK$23:$AK$150,MATCH('1 (2)'!$I64,ROSTER!$B$23:$B$150,0),1),"") | L64: =IFERROR(INDEX(ROSTER!$AL$23:$AL$150,MATCH('1 (2)'!$I64,ROSTER!$B$23:$B$150,0),1),"")
H65: =IF(I65="","",ROW(A59)) | I65: {=IFERROR(INDEX(ROSTER!$B$24:$B$150,MATCH(1,INDEX(($I$7=ROSTER!D$24:D$150)*(COUNTIFS(I$7:I64,ROSTER!$B$24:$B$150)=0),0,1),0),1),"")} | J65: =IFERROR(INDEX(ROSTER!$C$24:$C$150,MATCH('1 (2)'!$I65,ROSTER!$B$24:$B$150,0),1),"") | K65: =IFERROR(INDEX(ROSTER!$AK$23:$AK$150,MATCH('1 (2)'!$I65,ROSTER!$B$23:$B$150,0),1),"") | L65: =IFERROR(INDEX(ROSTER!$AL$23:$AL$150,MATCH('1 (2)'!$I65,ROSTER!$B$23:$B$150,0),1),"")
... H68: =IF(I68="","",ROW(A62)) | I68: {=IFERROR(INDEX(ROSTER!$B$24:$B$150,MATCH(1,INDEX(($I$7=ROSTER!D$24:D$150)*(COUNTIFS(I$7:I67,ROSTER!$B$24:$B$150)=0),0,1),0),1),"")} | J68: =IFERROR(INDEX(ROSTER!$C$24:$C$150,MATCH('1 (2)'!$I68,ROSTER!$B$24:$B$150,0),1),"") | K68: =IFERROR(INDEX(ROSTER!$AK$23:$AK$150,MATCH('1 (2)'!$I68,ROSTER!$B$23:$B$150,0),1),"") | L68: =IFERROR(INDEX(ROSTER!$AL$23:$AL$150,MATCH('1 (2)'!$I68,ROSTER!$B$23:$B$150,0),1),"")

Sheet 1
A1: HCM BASE MAINTENANCE CENTER | F1: CLICK ON A/C TO RETURN ROSTER | L1: BS-F 34
A2: DAILY MAINTENANCE DISTRIBUTION
A3: A/C: | B3: =LEFT(VLOOKUP("A*",ROSTER!D24:D70,1,0),4) -> A862 | E3: =ROSTER!D24 -> 46143 | I3: SHIFT:
B4: FOREMAN: | C4: =INDEX(ROSTER!$B$25:$B$150,MATCH("*FM*",ROSTER!D$25:D$227,0),1) -> Hứa Quang Trung | D4: PHONE: | E4: =INDEX(ROSTER!$AL$25:$AL$211,MATCH('1'!C4,ROSTER!$B$25:$B$150,0),1) -> 0937387889 | F4: SAG | I4: TECH SUPPORT | J4: =INDEX(ROSTER!$B$25:$B$150,MATCH("*TECH*",ROSTER!D$25:D$227,0),1) -> Huỳnh Tố Như | K4: PHONE: | L4: =INDEX(ROSTER!$AL$25:$AL$211,MATCH('1'!J4,ROSTER!$B$25:$B$150,0),1) -> 0702785789 | O4: Trực VS
B5: CRS C | C5: =INDEX(ROSTER!$B$25:$B$150,MATCH("*QC*",ROSTER!D$25:D$227,0),1) -> Trần Phương | D5: PHONE: | E5: =INDEX(ROSTER!$AL$25:$AL$211,MATCH('1'!C5,ROSTER!$B$25:$B$150,0),1) -> 84986222241 | I5: DOCK PLANNER: | J5: =INDEX(ROSTER!$B$25:$B$150,MATCH("*PPC1*",ROSTER!D$25:D$227,0),1) -> Vũ Tuấn Tú | K5: PHONE: | L5: =INDEX(ROSTER!$AL$25:$AL$211,MATCH('1'!J5,ROSTER!$B$25:$B$150,0),1) -> 0774768007
A6: ORD | B6: NAME AND SURNAME | C6: VAECO ID | D6: POSITION | E6: PHONE | F6: REMARK | H6: ORD | I6: NAME AND SURNAME | J6: VAECO ID | K6: POSITION | L6: PHONE | M6: REMARK | O6: Leader/GSGT
B7: =$B$3&"-128" -> A862-128 | I7: =$B$3&"-34567" -> A862-34567 | O7: PI/Leader/GSGT
A8: =IF(B8="","",ROW(A1)) -> 1 | B8: {=IFERROR(INDEX(ROSTER!$B$24:$B$150,MATCH(1,INDEX(($B$7=ROSTER!D$24:D$150)*(COUNTIFS(B$7:B7,ROSTER!$B$24:$B$150)=0),0,1),0),1),"")} -> Hồ Sĩ Út | C8: =IFERROR(INDEX(ROSTER!$C$24:$C$150,MATCH('1'!$B8,ROSTER!$B$24:$B$150,0),1),"") -> VAE02854 | D8: =IFERROR(INDEX(ROSTER!$AK$23:$AK$150,MATCH('1'!$B8,ROSTER!$B$23:$B$150,0),1),"") -> B1 787 | E8: =IFERROR(INDEX(ROSTER!$AL$23:$AL$150,MATCH('1'!$B8,ROSTER!$B$23:$B$150,0),1),"") -> 0344242223 | F8: Leader/GSGT | H8: =IF(I8="","",ROW(A1)) -> 1 | I8: {=IFERROR(INDEX(ROSTER!$B$24:$B$150,MATCH(1,INDEX(($I$7=ROSTER!D$24:D$150)*(COUNTIFS(I$7:I7,ROSTER!$B$24:$B$150)=0),0,1),0),1),"")} -> Phạm Ngọc Anh | J8: =IFERROR(INDEX(ROSTER!$C$24:$C$150,MATCH('1'!$I8,ROSTER!$B$24:$B$150,0),1),"") -> VAE01348 | K8: =IFERROR(INDEX(ROSTER!$AK$23:$AK$150,MATCH('1'!$I8,ROSTER!$B$23:$B$150,0),1),"") -> B1 787 | L8: =IFERROR(INDEX(ROSTER!$AL$23:$AL$150,MATCH('1'!$I8,ROSTER!$B$23:$B$150,0),1),"") -> 0902153933 | M8: Leader 34/GSGT | O8: Test ACT/EMT
A9: =IF(B9="","",ROW(A2)) -> 2 | B9: {=IFERROR(INDEX(ROSTER!$B$24:$B$150,MATCH(1,INDEX(($B$7=ROSTER!D$24:D$150)*(COUNTIFS(B$7:B8,ROSTER!$B$24:$B$150)=0),0,1),0),1),"")} -> Nguyễn Sỹ Tứ | C9: =IFERROR(INDEX(ROSTER!$C$24:$C$150,MATCH('1'!$B9,ROSTER!$B$24:$B$150,0),1),"") -> VAE03275 | D9: =IFERROR(INDEX(ROSTER!$AK$23:$AK$150,MATCH('1'!$B9,ROSTER!$B$23:$B$150,0),1),"") -> B1 B787/A321 | E9: =IFERROR(INDEX(ROSTER!$AL$23:$AL$150,MATCH('1'!$B9,ROSTER!$B$23:$B$150,0),1),"") -> 0356134372 | F9: SAG | H9: =IF(I9="","",ROW(A2)) -> 2 | I9: {=IFERROR(INDEX(ROSTER!$B$24:$B$150,MATCH(1,INDEX(($I$7=ROSTER!D$24:D$150)*(COUNTIFS(I$7:I8,ROSTER!$B$24:$B$150)=0),0,1),0),1),"")} -> Dương Viết Trìu | J9: =IFERROR(INDEX(ROSTER!$C$24:$C$150,MATCH('1'!$I9,ROSTER!$B$24:$B$150,0),1),"") -> VAE03250 | K9: =IFERROR(INDEX(ROSTER!$AK$23:$AK$150,MATCH('1'!$I9,ROSTER!$B$23:$B$150,0),1),"") -> B1 B787/A321 | L9: =IFERROR(INDEX(ROSTER!$AL$23:$AL$150,MATCH('1'!$I9,ROSTER!$B$23:$B$150,0),1),"") -> 0983990518 | M9: Leader 567/GSGT | O9: TERM
A10: =IF(B10="","",ROW(A3)) -> 3 | B10: {=IFERROR(INDEX(ROSTER!$B$24:$B$150,MATCH(1,INDEX(($B$7=ROSTER!D$24:D$150)*(COUNTIFS(B$7:B9,ROSTER!$B$24:$B$150)=0),0,1),0),1),"")} -> Phạm Minh Tuấn | C10: =IFERROR(INDEX(ROSTER!$C$24:$C$150,MATCH('1'!$B10,ROSTER!$B$24:$B$150,0),1),"") -> VAE00763 | D10: =IFERROR(INDEX(ROSTER!$AK$23:$AK$150,MATCH('1'!$B10,ROSTER!$B$23:$B$150,0),1),"") -> QM 787 | E10: =IFERROR(INDEX(ROSTER!$AL$23:$AL$150,MATCH('1'!$B10,ROSTER!$B$23:$B$150,0),1),"") -> 0903128278 | H10: =IF(I10="","",ROW(A3)) -> 3 | I10: {=IFERROR(INDEX(ROSTER!$B$24:$B$150,MATCH(1,INDEX(($I$7=ROSTER!D$24:D$150)*(COUNTIFS(I$7:I9,ROSTER!$B$24:$B$150)=0),0,1),0),1),"")} -> Nguyễn Văn Thái | J10: =IFERROR(INDEX(ROSTER!$C$24:$C$150,MATCH('1'!$I10,ROSTER!$B$24:$B$150,0),1),"") -> VAE03591 | K10: =IFERROR(INDEX(ROSTER!$AK$23:$AK$150,MATCH('1'!$I10,ROSTER!$B$23:$B$150,0),1),"") -> QM PP | L10: =IFERROR(INDEX(ROSTER!$AL$23:$AL$150,MATCH('1'!$I10,ROSTER!$B$23:$B$150,0),1),"") -> 0938235487 | O10: SAG
A11: =IF(B11="","",ROW(A4)) -> 4 | B11: {=IFERROR(INDEX(ROSTER!$B$24:$B$150,MATCH(1,INDEX(($B$7=ROSTER!D$24:D$150)*(COUNTIFS(B$7:B10,ROSTER!$B$24:$B$150)=0),0,1),0),1),"")} -> Nguyễn Anh Tuấn | C11: =IFERROR(INDEX(ROSTER!$C$24:$C$150,MATCH('1'!$B11,ROSTER!$B$24:$B$150,0),1),"") -> VAE02373 | D11: =IFERROR(INDEX(ROSTER!$AK$23:$AK$150,MATCH('1'!$B11,ROSTER!$B$23:$B$150,0),1),"") -> QM 787 | E11: =IFERROR(INDEX(ROSTER!$AL$23:$AL$150,MATCH('1'!$B11,ROSTER!$B$23:$B$150,0),1),"") -> 0988034352 | H11: =IF(I11="","",ROW(A4)) -> 4 | I11: {=IFERROR(INDEX(ROSTER!$B$24:$B$150,MATCH(1,INDEX(($I$7=ROSTER!D$24:D$150)*(COUNTIFS(I$7:I10,ROSTER!$B$24:$B$150)=0),0,1),0),1),"")} -> Nguyễn Mạnh Phố | J11: =IFERROR(INDEX(ROSTER!$C$24:$C$150,MATCH('1'!$I11,ROSTER!$B$24:$B$150,0),1),"") -> VAE03605 | K11: =IFERROR(INDEX(ROSTER!$AK$23:$AK$150,MATCH('1'!$I11,ROSTER!$B$23:$B$150,0),1),"") -> QM AF | L11: =IFERROR(INDEX(ROSTER!$AL$23:$AL$150,MATCH('1'!$I11,ROSTER!$B$23:$B$150,0),1),"") -> 0829109358 | M11: Tool TS5/LOCAL
A12: =IF(B12="","",ROW(A5)) -> 5 | B12: {=IFERROR(INDEX(ROSTER!$B$24:$B$150,MATCH(1,INDEX(($B$7=ROSTER!D$24:D$150)*(COUNTIFS(B$7:B11,ROSTER!$B$24:$B$150)=0),0,1),0),1),"")} -> Phạm Hùng | C12: =IFERROR(INDEX(ROSTER!$C$24:$C$150,MATCH('1'!$B12,ROSTER!$B$24:$B$150,0),1),"") -> VAE01771 | D12: =IFERROR(INDEX(ROSTER!$AK$23:$AK$150,MATCH('1'!$B12,ROSTER!$B$23:$B$150,0),1),"") -> QM AF | E12: =IFERROR(INDEX(ROSTER!$AL$23:$AL$150,MATCH('1'!$B12,ROSTER!$B$23:$B$150,0),1),"") -> 0908489886 | F12: Tool TS5/LOCAL | H12: =IF(I12="","",ROW(A5)) -> 5 | I12: {=IFERROR(INDEX(ROSTER!$B$24:$B$150,MATCH(1,INDEX(($I$7=ROSTER!D$24:D$150)*(COUNTIFS(I$7:I11,ROSTER!$B$24:$B$150)=0),0,1),0),1),"")} -> Dương Minh Tuấn | J12: =IFERROR(INDEX(ROSTER!$C$24:$C$150,MATCH('1'!$I12,ROSTER!$B$24:$B$150,0),1),"") -> VAE04035 | K12: =IFERROR(INDEX(ROSTER!$AK$23:$AK$150,MATCH('1'!$I12,ROSTER!$B$23:$B$150,0),1),"") -> MECH | L12: =IFERROR(INDEX(ROSTER!$AL$23:$AL$150,MATCH('1'!$I12,ROSTER!$B$23:$B$150,0),1),"") -> 0938930981 | M12: Tool TS5/LOCAL
A13: =IF(B13="","",ROW(A6)) -> 6 | B13: {=IFERROR(INDEX(ROSTER!$B$24:$B$150,MATCH(1,INDEX(($B$7=ROSTER!D$24:D$150)*(COUNTIFS(B$7:B12,ROSTER!$B$24:$B$150)=0),0,1),0),1),"")} -> Vũ Quang Vinh | C13: =IFERROR(INDEX(ROSTER!$C$24:$C$150,MATCH('1'!$B13,ROSTER!$B$24:$B$150,0),1),"") -> VAE03617 | D13: =IFERROR(INDEX(ROSTER!$AK$23:$AK$150,MATCH('1'!$B13,ROSTER!$B$23:$B$150,0),1),"") -> QM AF | E13: =IFERROR(INDEX(ROSTER!$AL$23:$AL$150,MATCH('1'!$B13,ROSTER!$B$23:$B$150,0),1),"") -> 0773781627 | F13: Tool TS5/LOCAL | H13: =IF(I13="","",ROW(A6)) -> 6 | I13: {=IFERROR(INDEX(ROSTER!$B$24:$B$150,MATCH(1,INDEX(($I$7=ROSTER!D$24:D$150)*(COUNTIFS(I$7:I12,ROSTER!$B$24:$B$150)=0),0,1),0),1),"")} -> Nguyễn Duy Khang | J13: =IFERROR(INDEX(ROSTER!$C$24:$C$150,MATCH('1'!$I13,ROSTER!$B$24:$B$150,0),1),"") -> VAE03607 | K13: =IFERROR(INDEX(ROSTER!$AK$23:$AK$150,MATCH('1'!$I13,ROSTER!$B$23:$B$150,0),1),"") -> QM AF | L13: =IFERROR(INDEX(ROSTER!$AL$23:$AL$150,MATCH('1'!$I13,ROSTER!$B$23:$B$150,0),1),"") -> 0935594624 | M13: Trực VS
A14: =IF(B14="","",ROW(A7)) -> 7 | B14: {=IFERROR(INDEX(ROSTER!$B$24:$B$150,MATCH(1,INDEX(($B$7=ROSTER!D$24:D$150)*(COUNTIFS(B$7:B13,ROSTER!$B$24:$B$150)=0),0,1),0),1),"")} -> Thân Minh Nguyên | C14: =IFERROR(INDEX(ROSTER!$C$24:$C$150,MATCH('1'!$B14,ROSTER!$B$24:$B$150,0),1),"") -> VAE04211 | D14: =IFERROR(INDEX(ROSTER!$AK$23:$AK$150,MATCH('1'!$B14,ROSTER!$B$23:$B$150,0),1),"") -> MECH | E14: =IFERROR(INDEX(ROSTER!$AL$23:$AL$150,MATCH('1'!$B14,ROSTER!$B$23:$B$150,0),1),"") -> 0366492128 | F14: Tool TS5/LOCAL | H14: =IF(I14="","",ROW(A7)) -> 7 | I14: {=IFERROR(INDEX(ROSTER!$B$24:$B$150,MATCH(1,INDEX(($I$7=ROSTER!D$24:D$150)*(COUNTIFS(I$7:I13,ROSTER!$B$24:$B$150)=0),0,1),0),1),"")} -> Nguyễn Hữu Thắng | J14: =IFERROR(INDEX(ROSTER!$C$24:$C$150,MATCH('1'!$I14,ROSTER!$B$24:$B$150,0),1),"") -> VAE03620 | K14: =IFERROR(INDEX(ROSTER!$AK$23:$AK$150,MATCH('1'!$I14,ROSTER!$B$23:$B$150,0),1),"") -> EA 787/321 | L14: =IFERROR(INDEX(ROSTER!$AL$23:$AL$150,MATCH('1'!$I14,ROSTER!$B$23:$B$150,0),1),"") -> 0865855733 | M14: Trực VS
A15: =IF(B15="","",ROW(A8)) -> 8 | B15: {=IFERROR(INDEX(ROSTER!$B$24:$B$150,MATCH(1,INDEX(($B$7=ROSTER!D$24:D$150)*(COUNTIFS(B$7:B14,ROSTER!$B$24:$B$150)=0),0,1),0),1),"")} -> Lê Minh CHâu | C15: =IFERROR(INDEX(ROSTER!$C$24:$C$150,MATCH('1'!$B15,ROSTER!$B$24:$B$150,0),1),"") -> VAE04037 | D15: =IFERROR(INDEX(ROSTER!$AK$23:$AK$150,MATCH('1'!$B15,ROSTER!$B$23:$B$150,0),1),"") -> 0 | E15: =IFERROR(INDEX(ROSTER!$AL$23:$AL$150,MATCH('1'!$B15,ROSTER!$B$23:$B$150,0),1),"") -> 0 | F15: EMT/ACT | H15: =IF(I15="","",ROW(A8)) -> 8 | I15: {=IFERROR(INDEX(ROSTER!$B$24:$B$150,MATCH(1,INDEX(($I$7=ROSTER!D$24:D$150)*(COUNTIFS(I$7:I14,ROSTER!$B$24:$B$150)=0),0,1),0),1),"")} -> Lê Trần Thiên Cương | J15: =IFERROR(INDEX(ROSTER!$C$24:$C$150,MATCH('1'!$I15,ROSTER!$B$24:$B$150,0),1),"") -> VAE04203 | K15: =IFERROR(INDEX(ROSTER!$AK$23:$AK$150,MATCH('1'!$I15,ROSTER!$B$23:$B$150,0),1),"") -> MECH | L15: =IFERROR(INDEX(ROSTER!$AL$23:$AL$150,MATCH('1'!$I15,ROSTER!$B$23:$B$150,0),1),"") -> 0867773318
A16: =IF(B16="","",ROW(A9)) -> 9 | B16: {=IFERROR(INDEX(ROSTER!$B$24:$B$150,MATCH(1,INDEX(($B$7=ROSTER!D$24:D$150)*(COUNTIFS(B$7:B15,ROSTER!$B$24:$B$150)=0),0,1),0),1),"")} -> Võ Trọng Sơn | C16: =IFERROR(INDEX(ROSTER!$C$24:$C$150,MATCH('1'!$B16,ROSTER!$B$24:$B$150,0),1),"") -> VAE04039 | D16: =IFERROR(INDEX(ROSTER!$AK$23:$AK$150,MATCH('1'!$B16,ROSTER!$B$23:$B$150,0),1),"") -> 0 | E16: =IFERROR(INDEX(ROSTER!$AL$23:$AL$150,MATCH('1'!$B16,ROSTER!$B$23:$B$150,0),1),"") -> 0 | F16: Trực VS | H16: =IF(I16="","",ROW(A9)) -> 9 | I16: {=IFERROR(INDEX(ROSTER!$B$24:$B$150,MATCH(1,INDEX(($I$7=ROSTER!D$24:D$150)*(COUNTIFS(I$7:I15,ROSTER!$B$24:$B$150)=0),0,1),0),1),"")} -> Hồ Zy Đan | J16: =IFERROR(INDEX(ROSTER!$C$24:$C$150,MATCH('1'!$I16,ROSTER!$B$24:$B$150,0),1),"") -> VAE04209 | K16: =IFERROR(INDEX(ROSTER!$AK$23:$AK$150,MATCH('1'!$I16,ROSTER!$B$23:$B$150,0),1),"") -> MECH | L16: =IFERROR(INDEX(ROSTER!$AL$23:$AL$150,MATCH('1'!$I16,ROSTER!$B$23:$B$150,0),1),"") -> 0348081971
A17: =IF(B17="","",ROW(A10)) | B17: {=IFERROR(INDEX(ROSTER!$B$24:$B$150,MATCH(1,INDEX(($B$7=ROSTER!D$24:D$150)*(COUNTIFS(B$7:B16,ROSTER!$B$24:$B$150)=0),0,1),0),1),"")} | C17: =IFERROR(INDEX(ROSTER!$C$24:$C$150,MATCH('1'!$B17,ROSTER!$B$24:$B$150,0),1),"") | D17: =IFERROR(INDEX(ROSTER!$AK$23:$AK$150,MATCH('1'!$B17,ROSTER!$B$23:$B$150,0),1),"") | E17: =IFERROR(INDEX(ROSTER!$AL$23:$AL$150,MATCH('1'!$B17,ROSTER!$B$23:$B$150,0),1),"") | H17: =IF(I17="","",ROW(A10)) -> 10 | I17: {=IFERROR(INDEX(ROSTER!$B$24:$B$150,MATCH(1,INDEX(($I$7=ROSTER!D$24:D$150)*(COUNTIFS(I$7:I16,ROSTER!$B$24:$B$150)=0),0,1),0),1),"")} -> Trần Thành Danh | J17: =IFERROR(INDEX(ROSTER!$C$24:$C$150,MATCH('1'!$I17,ROSTER!$B$24:$B$150,0),1),"") -> VAE04207 | K17: =IFERROR(INDEX(ROSTER!$AK$23:$AK$150,MATCH('1'!$I17,ROSTER!$B$23:$B$150,0),1),"") -> 0 | L17: =IFERROR(INDEX(ROSTER!$AL$23:$AL$150,MATCH('1'!$I17,ROSTER!$B$23:$B$150,0),1),"") -> 0
A18: =IF(B18="","",ROW(A12)) | B18: {=IFERROR(INDEX(ROSTER!$B$24:$B$150,MATCH(1,INDEX(($B$7=ROSTER!D$24:D$150)*(COUNTIFS(B$7:B17,ROSTER!$B$24:$B$150)=0),0,1),0),1),"")} | C18: =IFERROR(INDEX(ROSTER!$C$24:$C$150,MATCH('1'!$B18,ROSTER!$B$24:$B$150,0),1),"") | D18: =IFERROR(INDEX(ROSTER!$AK$23:$AK$150,MATCH('1'!$B18,ROSTER!$B$23:$B$150,0),1),"") | E18: =IFERROR(INDEX(ROSTER!$AL$23:$AL$150,MATCH('1'!$B18,ROSTER!$B$23:$B$150,0),1),"") | H18: =IF(I18="","",ROW(A12)) | I18: {=IFERROR(INDEX(ROSTER!$B$24:$B$150,MATCH(1,INDEX(($I$7=ROSTER!D$24:D$150)*(COUNTIFS(I$7:I17,ROSTER!$B$24:$B$150)=0),0,1),0),1),"")} | J18: =IFERROR(INDEX(ROSTER!$C$24:$C$150,MATCH('1'!$I18,ROSTER!$B$24:$B$150,0),1),"") | K18: =IFERROR(INDEX(ROSTER!$AK$23:$AK$150,MATCH('1'!$I18,ROSTER!$B$23:$B$150,0),1),"") | L18: =IFERROR(INDEX(ROSTER!$AL$23:$AL$150,MATCH('1'!$I18,ROSTER!$B$23:$B$150,0),1),"")
B19: =$B$3&"-AVI" -> A862-AVI | H19: =IF(I19="","",ROW(A10)) | I19: {=IFERROR(INDEX(ROSTER!$B$24:$B$150,MATCH(1,INDEX(($I$7=ROSTER!D$24:D$150)*(COUNTIFS(I$7:I18,ROSTER!$B$24:$B$150)=0),0,1),0),1),"")} | J19: =IFERROR(INDEX(ROSTER!$C$24:$C$150,MATCH('1'!$I19,ROSTER!$B$24:$B$150,0),1),"") | K19: =IFERROR(INDEX(ROSTER!$AK$23:$AK$150,MATCH('1'!$I19,ROSTER!$B$23:$B$150,0),1),"") | L19: =IFERROR(INDEX(ROSTER!$AL$23:$AL$150,MATCH('1'!$I19,ROSTER!$B$23:$B$150,0),1),"")
A20: =IF(B20="","",ROW(A1)) -> 1 | B20: {=IFERROR(INDEX(ROSTER!$B$24:$B$150,MATCH(1,INDEX(($B$19=ROSTER!D$24:D$150)*(COUNTIFS(B$7:B19,ROSTER!$B$24:$B$150)=0),0,1),0),1),"")} -> Nguyễn Tiến Thịnh | C20: =IFERROR(INDEX(ROSTER!$C$24:$C$150,MATCH('1'!$B20,ROSTER!$B$24:$B$150,0),1),"") -> VAE02736 | D20: =IFERROR(INDEX(ROSTER!$AK$23:$AK$150,MATCH('1'!$B20,ROSTER!$B$23:$B$150,0),1),"") -> B2 787 | E20: =IFERROR(INDEX(ROSTER!$AL$23:$AL$150,MATCH('1'!$B20,ROSTER!$B$23:$B$150,0),1),"") -> 0907669646 | F20: Leader/GSGT | I20: =$B$3&"-@14H" -> A862-@14H
A21: =IF(B21="","",ROW(A2)) -> 2 | B21: {=IFERROR(INDEX(ROSTER!$B$24:$B$150,MATCH(1,INDEX(($B$19=ROSTER!D$24:D$150)*(COUNTIFS(B$7:B20,ROSTER!$B$24:$B$150)=0),0,1),0),1),"")} -> Nguyễn Minh Đức | C21: =IFERROR(INDEX(ROSTER!$C$24:$C$150,MATCH('1'!$B21,ROSTER!$B$24:$B$150,0),1),"") -> VAE04018 | D21: =IFERROR(INDEX(ROSTER!$AK$23:$AK$150,MATCH('1'!$B21,ROSTER!$B$23:$B$150,0),1),"") -> EA 787 | E21: =IFERROR(INDEX(ROSTER!$AL$23:$AL$70,MATCH('1'!$B21,ROSTER!$B$23:$B$150,0),1),"") -> 0907548998 | F21: Tool TS5/LOCAL | H21: =IF(I21="","",ROW(A1)) -> 1 | I21: {=IFERROR(INDEX(ROSTER!$B$24:$B$150,MATCH(1,INDEX(($I$20=ROSTER!D$24:D$150)*(COUNTIFS(I$7:I20,ROSTER!$B$24:$B$150)=0),0,1),0),1),"")} -> Hoàng Sơn Hà | J21: =IFERROR(INDEX(ROSTER!$C$24:$C$150,MATCH('1'!$I21,ROSTER!$B$24:$B$150,0),1),"") -> VAE00725 | K21: =IFERROR(INDEX(ROSTER!$AK$23:$AK$150,MATCH('1'!$I21,ROSTER!$B$23:$B$150,0),1),"") -> B1 787 | L21: =IFERROR(INDEX(ROSTER!$AL$23:$AL$150,MATCH('1'!$I21,ROSTER!$B$23:$B$150,0),1),"") -> 0904321509 | M21: Leader/GSGT
A22: =IF(B22="","",ROW(A3)) -> 3 | B22: {=IFERROR(INDEX(ROSTER!$B$24:$B$150,MATCH(1,INDEX(($B$19=ROSTER!D$24:D$150)*(COUNTIFS(B$7:B21,ROSTER!$B$24:$B$150)=0),0,1),0),1),"")} -> Phạm Bá Khánh | C22: =IFERROR(INDEX(ROSTER!$C$24:$C$150,MATCH('1'!$B22,ROSTER!$B$24:$B$150,0),1),"") -> VAE02476 | D22: =IFERROR(INDEX(ROSTER!$AK$23:$AK$150,MATCH('1'!$B22,ROSTER!$B$23:$B$150,0),1),"") -> B2 787 | E22: =IFERROR(INDEX(ROSTER!$AL$23:$AL$150,MATCH('1'!$B22,ROSTER!$B$23:$B$150,0),1),"") -> 0 | F22: EMT/ACT | H22: =IF(I22="","",ROW(A2)) -> 2 | I22: {=IFERROR(INDEX(ROSTER!$B$24:$B$150,MATCH(1,INDEX(($I$20=ROSTER!D$24:D$150)*(COUNTIFS(I$7:I21,ROSTER!$B$24:$B$150)=0),0,1),0),1),"")} -> Đặng Quốc Tú | J22: =IFERROR(INDEX(ROSTER!$C$24:$C$150,MATCH('1'!$I22,ROSTER!$B$24:$B$150,0),1),"") -> VAE00733 | K22: =IFERROR(INDEX(ROSTER!$AK$23:$AK$150,MATCH('1'!$I22,ROSTER!$B$23:$B$150,0),1),"") -> QM 787 | L22: =IFERROR(INDEX(ROSTER!$AL$23:$AL$150,MATCH('1'!$I22,ROSTER!$B$23:$B$150,0),1),"") -> 0988110968
A23: =IF(B23="","",ROW(A4)) -> 4 | B23: {=IFERROR(INDEX(ROSTER!$B$24:$B$150,MATCH(1,INDEX(($B$19=ROSTER!D$24:D$150)*(COUNTIFS(B$7:B22,ROSTER!$B$24:$B$150)=0),0,1),0),1),"")} -> Lê Minh Lộc | C23: =IFERROR(INDEX(ROSTER!$C$24:$C$150,MATCH('1'!$B23,ROSTER!$B$24:$B$150,0),1),"") -> VAE04030 | D23: =IFERROR(INDEX(ROSTER!$AK$23:$AK$150,MATCH('1'!$B23,ROSTER!$B$23:$B$150,0),1),"") -> 0 | E23: =IFERROR(INDEX(ROSTER!$AL$23:$AL$70,MATCH('1'!$B23,ROSTER!$B$23:$B$150,0),1),"") | F23: Trực VS | H23: =IF(I23="","",ROW(A3)) -> 3 | I23: {=IFERROR(INDEX(ROSTER!$B$24:$B$150,MATCH(1,INDEX(($I$20=ROSTER!D$24:D$150)*(COUNTIFS(I$7:I22,ROSTER!$B$24:$B$150)=0),0,1),0),1),"")} -> Lê Hà Vinh | J23: =IFERROR(INDEX(ROSTER!$C$24:$C$150,MATCH('1'!$I23,ROSTER!$B$24:$B$150,0),1),"") -> VAE03603 | K23: =IFERROR(INDEX(ROSTER!$AK$23:$AK$150,MATCH('1'!$I23,ROSTER!$B$23:$B$150,0),1),"") -> QM PP | L23: =IFERROR(INDEX(ROSTER!$AL$23:$AL$150,MATCH('1'!$I23,ROSTER!$B$23:$B$150,0),1),"") -> 0963322827
A24: =IF(B24="","",ROW(A5)) | B24: {=IFERROR(INDEX(ROSTER!$B$24:$B$150,MATCH(1,INDEX(($B$19=ROSTER!D$24:D$150)*(COUNTIFS(B$7:B23,ROSTER!$B$24:$B$150)=0),0,1),0),1),"")} | C24: =IFERROR(INDEX(ROSTER!$C$24:$C$150,MATCH('1'!$B24,ROSTER!$B$24:$B$150,0),1),"") | D24: =IFERROR(INDEX(ROSTER!$AK$23:$AK$150,MATCH('1'!$B24,ROSTER!$B$23:$B$150,0),1),"") | E24: =IFERROR(INDEX(ROSTER!$AL$23:$AL$150,MATCH('1'!$B24,ROSTER!$B$23:$B$150,0),1),"") | H24: =IF(I24="","",ROW(A4)) -> 4 | I24: {=IFERROR(INDEX(ROSTER!$B$24:$B$150,MATCH(1,INDEX(($I$20=ROSTER!D$24:D$150)*(COUNTIFS(I$7:I23,ROSTER!$B$24:$B$150)=0),0,1),0),1),"")} -> Nguyễn Quang Chính | J24: =IFERROR(INDEX(ROSTER!$C$24:$C$150,MATCH('1'!$I24,ROSTER!$B$24:$B$150,0),1),"") -> VAE01375 | K24: =IFERROR(INDEX(ROSTER!$AK$23:$AK$150,MATCH('1'!$I24,ROSTER!$B$23:$B$150,0),1),"") -> B1 787 | L24: =IFERROR(INDEX(ROSTER!$AL$23:$AL$150,MATCH('1'!$I24,ROSTER!$B$23:$B$150,0),1),"") -> 0 | M24: Leader/GSGT
A25: =IF(B25="","",ROW(A6)) | B25: {=IFERROR(INDEX(ROSTER!$B$24:$B$150,MATCH(1,INDEX(($B$19=ROSTER!D$24:D$150)*(COUNTIFS(B$7:B24,ROSTER!$B$24:$B$150)=0),0,1),0),1),"")} | C25: =IFERROR(INDEX(ROSTER!$C$24:$C$150,MATCH('1'!$B25,ROSTER!$B$24:$B$150,0),1),"") | D25: =IFERROR(INDEX(ROSTER!$AK$23:$AK$150,MATCH('1'!$B25,ROSTER!$B$23:$B$150,0),1),"") | E25: =IFERROR(INDEX(ROSTER!$AL$23:$AL$70,MATCH('1'!$B25,ROSTER!$B$23:$B$150,0),1),"") | H25: =IF(I25="","",ROW(A5)) -> 5 | I25: {=IFERROR(INDEX(ROSTER!$B$24:$B$150,MATCH(1,INDEX(($I$20=ROSTER!D$24:D$150)*(COUNTIFS(I$7:I24,ROSTER!$B$24:$B$150)=0),0,1),0),1),"")} -> Huỳnh Quang Tú | J25: =IFERROR(INDEX(ROSTER!$C$24:$C$150,MATCH('1'!$I25,ROSTER!$B$24:$B$150,0),1),"") -> VAE04022 | K25: =IFERROR(INDEX(ROSTER!$AK$23:$AK$150,MATCH('1'!$I25,ROSTER!$B$23:$B$150,0),1),"") -> 0 | L25: =IFERROR(INDEX(ROSTER!$AL$23:$AL$150,MATCH('1'!$I25,ROSTER!$B$23:$B$150,0),1),"") -> 0 | M25: Tool TS5/LOCAL
A26: =IF(B26="","",ROW(A7)) | B26: {=IFERROR(INDEX(ROSTER!$B$24:$B$150,MATCH(1,INDEX(($B$19=ROSTER!D$24:D$150)*(COUNTIFS(B$7:B25,ROSTER!$B$24:$B$150)=0),0,1),0),1),"")} | C26: =IFERROR(INDEX(ROSTER!$C$24:$C$150,MATCH('1'!$B26,ROSTER!$B$24:$B$150,0),1),"") | D26: =IFERROR(INDEX(ROSTER!$AK$23:$AK$150,MATCH('1'!$B26,ROSTER!$B$23:$B$150,0),1),"") | E26: =IFERROR(INDEX(ROSTER!$AL$23:$AL$150,MATCH('1'!$B26,ROSTER!$B$23:$B$150,0),1),"") | H26: =IF(I26="","",ROW(A6)) -> 6 | I26: {=IFERROR(INDEX(ROSTER!$B$24:$B$150,MATCH(1,INDEX(($I$20=ROSTER!D$24:D$150)*(COUNTIFS(I$7:I25,ROSTER!$B$24:$B$150)=0),0,1),0),1),"")} -> Nguyễn Ngọc Trường Sơn | J26: =IFERROR(INDEX(ROSTER!$C$24:$C$150,MATCH('1'!$I26,ROSTER!$B$24:$B$150,0),1),"") -> VAE04205 | K26: =IFERROR(INDEX(ROSTER!$AK$23:$AK$150,MATCH('1'!$I26,ROSTER!$B$23:$B$150,0),1),"") -> 0 | L26: =IFERROR(INDEX(ROSTER!$AL$23:$AL$150,MATCH('1'!$I26,ROSTER!$B$23:$B$150,0),1),"") -> 0 | M26: Trực VS
A27: =IF(B27="","",ROW(A8)) | B27: {=IFERROR(INDEX(ROSTER!$B$24:$B$150,MATCH(1,INDEX(($B$19=ROSTER!D$24:D$150)*(COUNTIFS(B$7:B26,ROSTER!$B$24:$B$150)=0),0,1),0),1),"")} | C27: =IFERROR(INDEX(ROSTER!$C$24:$C$150,MATCH('1'!$B27,ROSTER!$B$24:$B$150,0),1),"") | D27: =IFERROR(INDEX(ROSTER!$AK$23:$AK$150,MATCH('1'!$B27,ROSTER!$B$23:$B$150,0),1),"") | E27: =IFERROR(INDEX(ROSTER!$AL$23:$AL$70,MATCH('1'!$B27,ROSTER!$B$23:$B$150,0),1),"") | H27: =IF(I27="","",ROW(A7)) -> 7 | I27: {=IFERROR(INDEX(ROSTER!$B$24:$B$150,MATCH(1,INDEX(($I$20=ROSTER!D$24:D$150)*(COUNTIFS(I$7:I26,ROSTER!$B$24:$B$150)=0),0,1),0),1),"")} -> Nguyễn Trí Nhân | J27: =IFERROR(INDEX(ROSTER!$C$24:$C$150,MATCH('1'!$I27,ROSTER!$B$24:$B$150,0),1),"") -> VAE03589 | K27: =IFERROR(INDEX(ROSTER!$AK$23:$AK$150,MATCH('1'!$I27,ROSTER!$B$23:$B$150,0),1),"") -> 0 | L27: =IFERROR(INDEX(ROSTER!$AL$23:$AL$150,MATCH('1'!$I27,ROSTER!$B$23:$B$150,0),1),"") -> 0 | M27: Trực VS
A28: =IF(B28="","",ROW(A9)) | B28: {=IFERROR(INDEX(ROSTER!$B$24:$B$150,MATCH(1,INDEX(($B$19=ROSTER!D$24:D$150)*(COUNTIFS(B$7:B27,ROSTER!$B$24:$B$150)=0),0,1),0),1),"")} | C28: =IFERROR(INDEX(ROSTER!$C$24:$C$150,MATCH('1'!$B28,ROSTER!$B$24:$B$150,0),1),"") | D28: =IFERROR(INDEX(ROSTER!$AK$23:$AK$150,MATCH('1'!$B28,ROSTER!$B$23:$B$150,0),1),"") | E28: =IFERROR(INDEX(ROSTER!$AL$23:$AL$150,MATCH('1'!$B28,ROSTER!$B$23:$B$150,0),1),"") | H28: =IF(I28="","",ROW(A8)) -> 8 | I28: {=IFERROR(INDEX(ROSTER!$B$24:$B$150,MATCH(1,INDEX(($I$20=ROSTER!D$24:D$150)*(COUNTIFS(I$7:I27,ROSTER!$B$24:$B$150)=0),0,1),0),1),"")} -> Võ Thanh Phong | J28: =IFERROR(INDEX(ROSTER!$C$24:$C$150,MATCH('1'!$I28,ROSTER!$B$24:$B$150,0),1),"") -> VAE03609 | K28: =IFERROR(INDEX(ROSTER!$AK$23:$AK$150,MATCH('1'!$I28,ROSTER!$B$23:$B$150,0),1),"") -> 0 | L28: =IFERROR(INDEX(ROSTER!$AL$23:$AL$150,MATCH('1'!$I28,ROSTER!$B$23:$B$150,0),1),"") -> 0
A29: =IF(B29="","",ROW(A10)) | B29: {=IFERROR(INDEX(ROSTER!$B$24:$B$150,MATCH(1,INDEX(($B$19=ROSTER!D$24:D$150)*(COUNTIFS(B$7:B28,ROSTER!$B$24:$B$150)=0),0,1),0),1),"")} | C29: =IFERROR(INDEX(ROSTER!$C$24:$C$150,MATCH('1'!$B29,ROSTER!$B$24:$B$150,0),1),"") | D29: =IFERROR(INDEX(ROSTER!$AK$23:$AK$150,MATCH('1'!$B29,ROSTER!$B$23:$B$150,0),1),"") | E29: =IFERROR(INDEX(ROSTER!$AL$23:$AL$150,MATCH('1'!$B29,ROSTER!$B$23:$B$150,0),1),"") | H29: =IF(I29="","",ROW(A9)) -> 9 | I29: {=IFERROR(INDEX(ROSTER!$B$24:$B$150,MATCH(1,INDEX(($I$20=ROSTER!D$24:D$150)*(COUNTIFS(I$7:I28,ROSTER!$B$24:$B$150)=0),0,1),0),1),"")} -> Nguyễn Ngọc Toàn | J29: =IFERROR(INDEX(ROSTER!$C$24:$C$150,MATCH('1'!$I29,ROSTER!$B$24:$B$150,0),1),"") -> VAE04210 | K29: =IFERROR(INDEX(ROSTER!$AK$23:$AK$150,MATCH('1'!$I29,ROSTER!$B$23:$B$150,0),1),"") -> 0 | L29: =IFERROR(INDEX(ROSTER!$AL$23:$AL$150,MATCH('1'!$I29,ROSTER!$B$23:$B$150,0),1),"") -> 0
A30: =IF(B30="","",ROW(A11)) | B30: {=IFERROR(INDEX(ROSTER!$B$24:$B$150,MATCH(1,INDEX(($B$19=ROSTER!D$24:D$150)*(COUNTIFS(B$7:B29,ROSTER!$B$24:$B$150)=0),0,1),0),1),"")} | C30: =IFERROR(INDEX(ROSTER!$C$24:$C$150,MATCH('1'!$B30,ROSTER!$B$24:$B$150,0),1),"") | D30: =IFERROR(INDEX(ROSTER!$AK$23:$AK$150,MATCH('1'!$B30,ROSTER!$B$23:$B$150,0),1),"") | E30: =IFERROR(INDEX(ROSTER!$AL$23:$AL$70,MATCH('1'!$B30,ROSTER!$B$23:$B$150,0),1),"") | H30: =IF(I30="","",ROW(A10)) | I30: {=IFERROR(INDEX(ROSTER!$B$24:$B$150,MATCH(1,INDEX(($I$20=ROSTER!D$24:D$150)*(COUNTIFS(I$7:I29,ROSTER!$B$24:$B$150)=0),0,1),0),1),"")} | J30: =IFERROR(INDEX(ROSTER!$C$24:$C$150,MATCH('1'!$I30,ROSTER!$B$24:$B$150,0),1),"") | K30: =IFERROR(INDEX(ROSTER!$AK$23:$AK$150,MATCH('1'!$I30,ROSTER!$B$23:$B$150,0),1),"") | L30: =IFERROR(INDEX(ROSTER!$AL$23:$AL$150,MATCH('1'!$I30,ROSTER!$B$23:$B$150,0),1),"")
H53: =IF(I53="","",ROW(A47)) | I53: {=IFERROR(INDEX(ROSTER!$B$24:$B$150,MATCH(1,INDEX(($I$7=ROSTER!D$24:D$150)*(COUNTIFS(I$7:I52,ROSTER!$B$24:$B$150)=0),0,1),0),1),"")} | J53: =IFERROR(INDEX(ROSTER!$C$24:$C$150,MATCH('1'!$I53,ROSTER!$B$24:$B$150,0),1),"") | K53: =IFERROR(INDEX(ROSTER!$AK$23:$AK$150,MATCH('1'!$I53,ROSTER!$B$23:$B$150,0),1),"") | L53: =IFERROR(INDEX(ROSTER!$AL$23:$AL$150,MATCH('1'!$I53,ROSTER!$B$23:$B$150,0),1),"")
H54: =IF(I54="","",ROW(A48)) | I54: {=IFERROR(INDEX(ROSTER!$B$24:$B$150,MATCH(1,INDEX(($I$7=ROSTER!D$24:D$150)*(COUNTIFS(I$7:I53,ROSTER!$B$24:$B$150)=0),0,1),0),1),"")} | J54: =IFERROR(INDEX(ROSTER!$C$24:$C$150,MATCH('1'!$I54,ROSTER!$B$24:$B$150,0),1),"") | K54: =IFERROR(INDEX(ROSTER!$AK$23:$AK$150,MATCH('1'!$I54,ROSTER!$B$23:$B$150,0),1),"") | L54: =IFERROR(INDEX(ROSTER!$AL$23:$AL$150,MATCH('1'!$I54,ROSTER!$B$23:$B$150,0),1),"")
H55: =IF(I55="","",ROW(A49)) | I55: {=IFERROR(INDEX(ROSTER!$B$24:$B$150,MATCH(1,INDEX(($I$7=ROSTER!D$24:D$150)*(COUNTIFS(I$7:I54,ROSTER!$B$24:$B$150)=0),0,1),0),1),"")} | J55: =IFERROR(INDEX(ROSTER!$C$24:$C$150,MATCH('1'!$I55,ROSTER!$B$24:$B$150,0),1),"") | K55: =IFERROR(INDEX(ROSTER!$AK$23:$AK$150,MATCH('1'!$I55,ROSTER!$B$23:$B$150,0),1),"") | L55: =IFERROR(INDEX(ROSTER!$AL$23:$AL$150,MATCH('1'!$I55,ROSTER!$B$23:$B$150,0),1),"")
H56: =IF(I56="","",ROW(A50)) | I56: {=IFERROR(INDEX(ROSTER!$B$24:$B$150,MATCH(1,INDEX(($I$7=ROSTER!D$24:D$150)*(COUNTIFS(I$7:I55,ROSTER!$B$24:$B$150)=0),0,1),0),1),"")} | J56: =IFERROR(INDEX(ROSTER!$C$24:$C$150,MATCH('1'!$I56,ROSTER!$B$24:$B$150,0),1),"") | K56: =IFERROR(INDEX(ROSTER!$AK$23:$AK$150,MATCH('1'!$I56,ROSTER!$B$23:$B$150,0),1),"") | L56: =IFERROR(INDEX(ROSTER!$AL$23:$AL$150,MATCH('1'!$I56,ROSTER!$B$23:$B$150,0),1),"")
H57: =IF(I57="","",ROW(A51)) | I57: {=IFERROR(INDEX(ROSTER!$B$24:$B$150,MATCH(1,INDEX(($I$7=ROSTER!D$24:D$150)*(COUNTIFS(I$7:I56,ROSTER!$B$24:$B$150)=0),0,1),0),1),"")} | J57: =IFERROR(INDEX(ROSTER!$C$24:$C$150,MATCH('1'!$I57,ROSTER!$B$24:$B$150,0),1),"") | K57: =IFERROR(INDEX(ROSTER!$AK$23:$AK$150,MATCH('1'!$I57,ROSTER!$B$23:$B$150,0),1),"") | L57: =IFERROR(INDEX(ROSTER!$AL$23:$AL$150,MATCH('1'!$I57,ROSTER!$B$23:$B$150,0),1),"")
H58: =IF(I58="","",ROW(A52)) | I58: {=IFERROR(INDEX(ROSTER!$B$24:$B$150,MATCH(1,INDEX(($I$7=ROSTER!D$24:D$150)*(COUNTIFS(I$7:I57,ROSTER!$B$24:$B$150)=0),0,1),0),1),"")} | J58: =IFERROR(INDEX(ROSTER!$C$24:$C$150,MATCH('1'!$I58,ROSTER!$B$24:$B$150,0),1),"") | K58: =IFERROR(INDEX(ROSTER!$AK$23:$AK$150,MATCH('1'!$I58,ROSTER!$B$23:$B$150,0),1),"") | L58: =IFERROR(INDEX(ROSTER!$AL$23:$AL$150,MATCH('1'!$I58,ROSTER!$B$23:$B$150,0),1),"")
H59: =IF(I59="","",ROW(A53)) | I59: {=IFERROR(INDEX(ROSTER!$B$24:$B$150,MATCH(1,INDEX(($I$7=ROSTER!D$24:D$150)*(COUNTIFS(I$7:I58,ROSTER!$B$24:$B$150)=0),0,1),0),1),"")} | J59: =IFERROR(INDEX(ROSTER!$C$24:$C$150,MATCH('1'!$I59,ROSTER!$B$24:$B$150,0),1),"") | K59: =IFERROR(INDEX(ROSTER!$AK$23:$AK$150,MATCH('1'!$I59,ROSTER!$B$23:$B$150,0),1),"") | L59: =IFERROR(INDEX(ROSTER!$AL$23:$AL$150,MATCH('1'!$I59,ROSTER!$B$23:$B$150,0),1),"")
H60: =IF(I60="","",ROW(A54)) | I60: {=IFERROR(INDEX(ROSTER!$B$24:$B$150,MATCH(1,INDEX(($I$7=ROSTER!D$24:D$150)*(COUNTIFS(I$7:I59,ROSTER!$B$24:$B$150)=0),0,1),0),1),"")} | J60: =IFERROR(INDEX(ROSTER!$C$24:$C$150,MATCH('1'!$I60,ROSTER!$B$24:$B$150,0),1),"") | K60: =IFERROR(INDEX(ROSTER!$AK$23:$AK$150,MATCH('1'!$I60,ROSTER!$B$23:$B$150,0),1),"") | L60: =IFERROR(INDEX(ROSTER!$AL$23:$AL$150,MATCH('1'!$I60,ROSTER!$B$23:$B$150,0),1),"")
H61: =IF(I61="","",ROW(A55)) | I61: {=IFERROR(INDEX(ROSTER!$B$24:$B$150,MATCH(1,INDEX(($I$7=ROSTER!D$24:D$150)*(COUNTIFS(I$7:I60,ROSTER!$B$24:$B$150)=0),0,1),0),1),"")} | J61: =IFERROR(INDEX(ROSTER!$C$24:$C$150,MATCH('1'!$I61,ROSTER!$B$24:$B$150,0),1),"") | K61: =IFERROR(INDEX(ROSTER!$AK$23:$AK$150,MATCH('1'!$I61,ROSTER!$B$23:$B$150,0),1),"") | L61: =IFERROR(INDEX(ROSTER!$AL$23:$AL$150,MATCH('1'!$I61,ROSTER!$B$23:$B$150,0),1),"")
H62: =IF(I62="","",ROW(A56)) | I62: {=IFERROR(INDEX(ROSTER!$B$24:$B$150,MATCH(1,INDEX(($I$7=ROSTER!D$24:D$150)*(COUNTIFS(I$7:I61,ROSTER!$B$24:$B$150)=0),0,1),0),1),"")} | J62: =IFERROR(INDEX(ROSTER!$C$24:$C$150,MATCH('1'!$I62,ROSTER!$B$24:$B$150,0),1),"") | K62: =IFERROR(INDEX(ROSTER!$AK$23:$AK$150,MATCH('1'!$I62,ROSTER!$B$23:$B$150,0),1),"") | L62: =IFERROR(INDEX(ROSTER!$AL$23:$AL$150,MATCH('1'!$I62,ROSTER!$B$23:$B$150,0),1),"")
H63: =IF(I63="","",ROW(A57)) | I63: {=IFERROR(INDEX(ROSTER!$B$24:$B$150,MATCH(1,INDEX(($I$7=ROSTER!D$24:D$150)*(COUNTIFS(I$7:I62,ROSTER!$B$24:$B$150)=0),0,1),0),1),"")} | J63: =IFERROR(INDEX(ROSTER!$C$24:$C$150,MATCH('1'!$I63,ROSTER!$B$24:$B$150,0),1),"") | K63: =IFERROR(INDEX(ROSTER!$AK$23:$AK$150,MATCH('1'!$I63,ROSTER!$B$23:$B$150,0),1),"") | L63: =IFERROR(INDEX(ROSTER!$AL$23:$AL$150,MATCH('1'!$I63,ROSTER!$B$23:$B$150,0),1),"")
H64: =IF(I64="","",ROW(A58)) | I64: {=IFERROR(INDEX(ROSTER!$B$24:$B$150,MATCH(1,INDEX(($I$7=ROSTER!D$24:D$150)*(COUNTIFS(I$7:I63,ROSTER!$B$24:$B$150)=0),0,1),0),1),"")} | J64: =IFERROR(INDEX(ROSTER!$C$24:$C$150,MATCH('1'!$I64,ROSTER!$B$24:$B$150,0),1),"") | K64: =IFERROR(INDEX(ROSTER!$AK$23:$AK$150,MATCH('1'!$I64,ROSTER!$B$23:$B$150,0),1),"") | L64: =IFERROR(INDEX(ROSTER!$AL$23:$AL$150,MATCH('1'!$I64,ROSTER!$B$23:$B$150,0),1),"")
... H67: =IF(I67="","",ROW(A61)) | I67: {=IFERROR(INDEX(ROSTER!$B$24:$B$150,MATCH(1,INDEX(($I$7=ROSTER!D$24:D$150)*(COUNTIFS(I$7:I66,ROSTER!$B$24:$B$150)=0),0,1),0),1),"")} | J67: =IFERROR(INDEX(ROSTER!$C$24:$C$150,MATCH('1'!$I67,ROSTER!$B$24:$B$150,0),1),"") | K67: =IFERROR(INDEX(ROSTER!$AK$23:$AK$150,MATCH('1'!$I67,ROSTER!$B$23:$B$150,0),1),"") | L67: =IFERROR(INDEX(ROSTER!$AL$23:$AL$150,MATCH('1'!$I67,ROSTER!$B$23:$B$150,0),1),"")

Sheet 2 (2)
A1: HCM BASE MAINTENANCE CENTER | F1: CLICK ON A/C TO RETURN ROSTER | L1: BS-F 34
A2: DAILY MAINTENANCE DISTRIBUTION
A3: A/C: | B3: =LEFT(VLOOKUP("H*",ROSTER!E24:E70,1,0),6) -> HL8082 | E3: =ROSTER!E24 -> 46144 | I3: SHIFT:
B4: FOREMAN: | C4: Nguyễn Văn Quyền | D4: PHONE: | E4: =INDEX(ROSTER!$AL$25:$AL$211,MATCH('2 (2)'!C4,ROSTER!$B$25:$B$150,0),1) -> 0902164495 | F4: SAG | I4: TECH SUPPORT | J4: =INDEX(ROSTER!$B$25:$B$150,MATCH("*TECH*",ROSTER!E$25:E$227,0),1) -> Huỳnh Tố Như | K4: PHONE: | L4: =INDEX(ROSTER!$AL$25:$AL$211,MATCH('2 (2)'!J4,ROSTER!$B$25:$B$150,0),1) -> 0702785789
B5: CRS C | C5: =INDEX(ROSTER!$B$25:$B$150,MATCH("*QC*",ROSTER!E$25:E$227,0),1) -> Trần Phương | D5: PHONE: | E5: =INDEX(ROSTER!$AL$25:$AL$211,MATCH('2 (2)'!C5,ROSTER!$B$25:$B$150,0),1) -> 84986222241 | I5: DOCK PLANNER: | J5: =INDEX(ROSTER!$B$25:$B$150,MATCH("*PPC*",ROSTER!E$25:E$227,0),1) -> Trần Hoàng Nhung | K5: PHONE: | L5: =INDEX(ROSTER!$AL$25:$AL$211,MATCH('2 (2)'!J5,ROSTER!$B$25:$B$150,0),1) -> 0906852989
A6: ORD | B6: NAME AND SURNAME | C6: VAECO ID | D6: POSITION | E6: PHONE | F6: REMARK | H6: ORD | I6: NAME AND SURNAME | J6: VAECO ID | K6: POSITION | L6: PHONE | M6: REMARK | O6: Trực VS
B7: =$B$3&"-ALL" -> HL8082-ALL | I7: =$B$3&"-34567" -> HL8082-34567 | O7: Leader/GSGT
A8: =IF(B8="","",ROW(A1)) -> 1 | B8: {=IFERROR(INDEX(ROSTER!$B$24:$B$150,MATCH(1,INDEX(($B$7=ROSTER!E$24:E$150)*(COUNTIFS(B$7:B7,ROSTER!$B$24:$B$150)=0),0,1),0),1),"")} -> Nguyễn Đức Tuân | C8: =IFERROR(INDEX(ROSTER!$C$24:$C$227,MATCH('2 (2)'!$B8,ROSTER!$B$24:$B$150,0),1),"") -> VAE00732 | D8: =IFERROR(INDEX(ROSTER!$AK$23:$AK$211,MATCH('2 (2)'!$B8,ROSTER!$B$23:$B$150,0),1),"") -> B1 B787/ATR/A321 | E8: =IFERROR(INDEX(ROSTER!$AL$23:$AL$211,MATCH('2 (2)'!$B8,ROSTER!$B$23:$B$150,0),1),"") -> 0979747380 | F8: Leader/GSGT | H8: =IF(I8="","",ROW(A1)) | I8: {=IFERROR(INDEX(ROSTER!$B$24:$B$150,MATCH(1,INDEX(($I$7=ROSTER!E$24:E$150)*(COUNTIFS(I$7:I7,ROSTER!$B$24:$B$150)=0),0,1),0),1),"")} | J8: =IFERROR(INDEX(ROSTER!$C$24:$C$227,MATCH('2 (2)'!$I8,ROSTER!$B$24:$B$150,0),1),"") | K8: =IFERROR(INDEX(ROSTER!$AK$23:$AK$211,MATCH('2 (2)'!$I8,ROSTER!$B$23:$B$150,0),1),"") | L8: =IFERROR(INDEX(ROSTER!$AL$23:$AL$211,MATCH('2 (2)'!$I8,ROSTER!$B$23:$B$150,0),1),"") | M8: Leader/GSGT | O8: PI/Leader/GSGT
A9: =IF(B9="","",ROW(A2)) -> 2 | B9: {=IFERROR(INDEX(ROSTER!$B$24:$B$150,MATCH(1,INDEX(($B$7=ROSTER!E$24:E$150)*(COUNTIFS(B$7:B8,ROSTER!$B$24:$B$150)=0),0,1),0),1),"")} -> Nguyễn Văn Quyền | C9: =IFERROR(INDEX(ROSTER!$C$24:$C$227,MATCH('2 (2)'!$B9,ROSTER!$B$24:$B$150,0),1),"") -> VAE03234 | D9: =IFERROR(INDEX(ROSTER!$AK$23:$AK$211,MATCH('2 (2)'!$B9,ROSTER!$B$23:$B$150,0),1),"") -> B1 B787/A321 | E9: =IFERROR(INDEX(ROSTER!$AL$23:$AL$211,MATCH('2 (2)'!$B9,ROSTER!$B$23:$B$150,0),1),"") -> 0902164495 | F9: FM/Leader/GSGT | H9: =IF(I9="","",ROW(A2)) | I9: {=IFERROR(INDEX(ROSTER!$B$24:$B$150,MATCH(1,INDEX(($I$7=ROSTER!E$24:E$150)*(COUNTIFS(I$7:I8,ROSTER!$B$24:$B$150)=0),0,1),0),1),"")} | J9: =IFERROR(INDEX(ROSTER!$C$24:$C$227,MATCH('2 (2)'!$I9,ROSTER!$B$24:$B$150,0),1),"") | K9: =IFERROR(INDEX(ROSTER!$AK$23:$AK$211,MATCH('2 (2)'!$I9,ROSTER!$B$23:$B$150,0),1),"") | L9: =IFERROR(INDEX(ROSTER!$AL$23:$AL$211,MATCH('2 (2)'!$I9,ROSTER!$B$23:$B$150,0),1),"") | O9: Test ACT/EMT
A10: =IF(B10="","",ROW(A3)) -> 3 | B10: {=IFERROR(INDEX(ROSTER!$B$24:$B$150,MATCH(1,INDEX(($B$7=ROSTER!E$24:E$150)*(COUNTIFS(B$7:B9,ROSTER!$B$24:$B$150)=0),0,1),0),1),"")} -> Trần Thành Danh | C10: =IFERROR(INDEX(ROSTER!$C$24:$C$227,MATCH('2 (2)'!$B10,ROSTER!$B$24:$B$150,0),1),"") -> VAE04207 | D10: =IFERROR(INDEX(ROSTER!$AK$23:$AK$211,MATCH('2 (2)'!$B10,ROSTER!$B$23:$B$150,0),1),"") -> 0 | E10: =IFERROR(INDEX(ROSTER!$AL$23:$AL$211,MATCH('2 (2)'!$B10,ROSTER!$B$23:$B$150,0),1),"") -> 0 | H10: =IF(I10="","",ROW(A3)) | I10: {=IFERROR(INDEX(ROSTER!$B$24:$B$150,MATCH(1,INDEX(($I$7=ROSTER!E$24:E$150)*(COUNTIFS(I$7:I9,ROSTER!$B$24:$B$150)=0),0,1),0),1),"")} | J10: =IFERROR(INDEX(ROSTER!$C$24:$C$227,MATCH('2 (2)'!$I10,ROSTER!$B$24:$B$150,0),1),"") | K10: =IFERROR(INDEX(ROSTER!$AK$23:$AK$211,MATCH('2 (2)'!$I10,ROSTER!$B$23:$B$150,0),1),"") | L10: =IFERROR(INDEX(ROSTER!$AL$23:$AL$211,MATCH('2 (2)'!$I10,ROSTER!$B$23:$B$150,0),1),"")
A11: =IF(B11="","",ROW(A4)) -> 4 | B11: {=IFERROR(INDEX(ROSTER!$B$24:$B$150,MATCH(1,INDEX(($B$7=ROSTER!E$24:E$150)*(COUNTIFS(B$7:B10,ROSTER!$B$24:$B$150)=0),0,1),0),1),"")} -> Phan Tuấn Tú | C11: =IFERROR(INDEX(ROSTER!$C$24:$C$227,MATCH('2 (2)'!$B11,ROSTER!$B$24:$B$150,0),1),"") -> VAE03079 | D11: =IFERROR(INDEX(ROSTER!$AK$23:$AK$211,MATCH('2 (2)'!$B11,ROSTER!$B$23:$B$150,0),1),"") -> 0 | E11: =IFERROR(INDEX(ROSTER!$AL$23:$AL$211,MATCH('2 (2)'!$B11,ROSTER!$B$23:$B$150,0),1),"") -> 0 | F11: Tool local/TS5 | H11: =IF(I11="","",ROW(A4)) | I11: {=IFERROR(INDEX(ROSTER!$B$24:$B$150,MATCH(1,INDEX(($I$7=ROSTER!E$24:E$150)*(COUNTIFS(I$7:I10,ROSTER!$B$24:$B$150)=0),0,1),0),1),"")} | J11: =IFERROR(INDEX(ROSTER!$C$24:$C$227,MATCH('2 (2)'!$I11,ROSTER!$B$24:$B$150,0),1),"") | K11: =IFERROR(INDEX(ROSTER!$AK$23:$AK$211,MATCH('2 (2)'!$I11,ROSTER!$B$23:$B$150,0),1),"") | L11: =IFERROR(INDEX(ROSTER!$AL$23:$AL$211,MATCH('2 (2)'!$I11,ROSTER!$B$23:$B$150,0),1),"")
A12: =IF(B12="","",ROW(A5)) -> 5 | B12: {=IFERROR(INDEX(ROSTER!$B$24:$B$150,MATCH(1,INDEX(($B$7=ROSTER!E$24:E$150)*(COUNTIFS(B$7:B11,ROSTER!$B$24:$B$150)=0),0,1),0),1),"")} -> Nguyễn Sinh Thái | C12: =IFERROR(INDEX(ROSTER!$C$24:$C$227,MATCH('2 (2)'!$B12,ROSTER!$B$24:$B$150,0),1),"") -> VAE04208 | D12: =IFERROR(INDEX(ROSTER!$AK$23:$AK$211,MATCH('2 (2)'!$B12,ROSTER!$B$23:$B$150,0),1),"") -> 0 | E12: =IFERROR(INDEX(ROSTER!$AL$23:$AL$211,MATCH('2 (2)'!$B12,ROSTER!$B$23:$B$150,0),1),"") -> 0 | F12: Tool local/TS5 | H12: =IF(I12="","",ROW(A5)) | I12: {=IFERROR(INDEX(ROSTER!$B$24:$B$150,MATCH(1,INDEX(($I$7=ROSTER!E$24:E$150)*(COUNTIFS(I$7:I11,ROSTER!$B$24:$B$150)=0),0,1),0),1),"")} | J12: =IFERROR(INDEX(ROSTER!$C$24:$C$227,MATCH('2 (2)'!$I12,ROSTER!$B$24:$B$150,0),1),"") | K12: =IFERROR(INDEX(ROSTER!$AK$23:$AK$211,MATCH('2 (2)'!$I12,ROSTER!$B$23:$B$150,0),1),"") | L12: =IFERROR(INDEX(ROSTER!$AL$23:$AL$211,MATCH('2 (2)'!$I12,ROSTER!$B$23:$B$150,0),1),"")
A13: =IF(B13="","",ROW(A6)) -> 6 | B13: {=IFERROR(INDEX(ROSTER!$B$24:$B$150,MATCH(1,INDEX(($B$7=ROSTER!E$24:E$150)*(COUNTIFS(B$7:B12,ROSTER!$B$24:$B$150)=0),0,1),0),1),"")} -> Thái Quang Anh | C13: =IFERROR(INDEX(ROSTER!$C$24:$C$227,MATCH('2 (2)'!$B13,ROSTER!$B$24:$B$150,0),1),"") -> VAE04252 | D13: =IFERROR(INDEX(ROSTER!$AK$23:$AK$211,MATCH('2 (2)'!$B13,ROSTER!$B$23:$B$150,0),1),"") -> 0 | E13: =IFERROR(INDEX(ROSTER!$AL$23:$AL$211,MATCH('2 (2)'!$B13,ROSTER!$B$23:$B$150,0),1),"") -> 0 | F13: TRỰC VS | H13: =IF(I13="","",ROW(A6)) | I13: {=IFERROR(INDEX(ROSTER!$B$24:$B$150,MATCH(1,INDEX(($I$7=ROSTER!E$24:E$150)*(COUNTIFS(I$7:I12,ROSTER!$B$24:$B$150)=0),0,1),0),1),"")} | J13: =IFERROR(INDEX(ROSTER!$C$24:$C$227,MATCH('2 (2)'!$I13,ROSTER!$B$24:$B$150,0),1),"") | K13: =IFERROR(INDEX(ROSTER!$AK$23:$AK$211,MATCH('2 (2)'!$I13,ROSTER!$B$23:$B$150,0),1),"") | L13: =IFERROR(INDEX(ROSTER!$AL$23:$AL$211,MATCH('2 (2)'!$I13,ROSTER!$B$23:$B$150,0),1),"")
A14: =IF(B14="","",ROW(A7)) -> 7 | B14: {=IFERROR(INDEX(ROSTER!$B$24:$B$150,MATCH(1,INDEX(($B$7=ROSTER!E$24:E$150)*(COUNTIFS(B$7:B13,ROSTER!$B$24:$B$150)=0),0,1),0),1),"")} -> Nguyễn Thanh Trung | C14: =IFERROR(INDEX(ROSTER!$C$24:$C$227,MATCH('2 (2)'!$B14,ROSTER!$B$24:$B$150,0),1),"") -> VAE03592 | D14: =IFERROR(INDEX(ROSTER!$AK$23:$AK$211,MATCH('2 (2)'!$B14,ROSTER!$B$23:$B$150,0),1),"") -> 0 | E14: =IFERROR(INDEX(ROSTER!$AL$23:$AL$211,MATCH('2 (2)'!$B14,ROSTER!$B$23:$B$150,0),1),"") -> 0 | H14: =IF(I14="","",ROW(A7)) | I14: {=IFERROR(INDEX(ROSTER!$B$24:$B$150,MATCH(1,INDEX(($I$7=ROSTER!E$24:E$150)*(COUNTIFS(I$7:I13,ROSTER!$B$24:$B$150)=0),0,1),0),1),"")} | J14: =IFERROR(INDEX(ROSTER!$C$24:$C$227,MATCH('2 (2)'!$I14,ROSTER!$B$24:$B$150,0),1),"") | K14: =IFERROR(INDEX(ROSTER!$AK$23:$AK$211,MATCH('2 (2)'!$I14,ROSTER!$B$23:$B$150,0),1),"") | L14: =IFERROR(INDEX(ROSTER!$AL$23:$AL$211,MATCH('2 (2)'!$I14,ROSTER!$B$23:$B$150,0),1),"")
A15: =IF(B15="","",ROW(#REF!)) | B15: {=IFERROR(INDEX(ROSTER!$B$24:$B$150,MATCH(1,INDEX(($B$7=ROSTER!E$24:E$150)*(COUNTIFS(B$7:B14,ROSTER!$B$24:$B$150)=0),0,1),0),1),"")} | C15: =IFERROR(INDEX(ROSTER!$C$24:$C$227,MATCH('2 (2)'!$B15,ROSTER!$B$24:$B$150,0),1),"") | D15: =IFERROR(INDEX(ROSTER!$AK$23:$AK$211,MATCH('2 (2)'!$B15,ROSTER!$B$23:$B$150,0),1),"") | E15: =IFERROR(INDEX(ROSTER!$AL$23:$AL$211,MATCH('2 (2)'!$B15,ROSTER!$B$23:$B$150,0),1),"") | I15: =$B$3&"-567@14h" -> HL8082-567@14h | K15: =IFERROR(INDEX(ROSTER!$AK$23:$AK$211,MATCH('2 (2)'!$I15,ROSTER!$B$23:$B$150,0),1),"") | L15: =IFERROR(INDEX(ROSTER!$AL$23:$AL$211,MATCH('2 (2)'!$I15,ROSTER!$B$23:$B$150,0),1),"")
A16: =IF(B16="","",ROW(#REF!)) | B16: {=IFERROR(INDEX(ROSTER!$B$24:$B$150,MATCH(1,INDEX(($B$7=ROSTER!E$24:E$150)*(COUNTIFS(B$7:B15,ROSTER!$B$24:$B$150)=0),0,1),0),1),"")} | C16: =IFERROR(INDEX(ROSTER!$C$24:$C$227,MATCH('2 (2)'!$B16,ROSTER!$B$24:$B$150,0),1),"") | D16: =IFERROR(INDEX(ROSTER!$AK$23:$AK$211,MATCH('2 (2)'!$B16,ROSTER!$B$23:$B$150,0),1),"") | E16: =IFERROR(INDEX(ROSTER!$AL$23:$AL$211,MATCH('2 (2)'!$B16,ROSTER!$B$23:$B$150,0),1),"") | H16: =IF(I16="","",ROW(A1)) | I16: {=IFERROR(INDEX(ROSTER!$B$24:$B$150,MATCH(1,INDEX(($I$15=ROSTER!E$24:E$150)*(COUNTIFS(I$7:I15,ROSTER!$B$24:$B$150)=0),0,1),0),1),"")} | J16: =IFERROR(INDEX(ROSTER!$C$24:$C$227,MATCH('2 (2)'!$I16,ROSTER!$B$24:$B$150,0),1),"") | K16: =IFERROR(INDEX(ROSTER!$AK$23:$AK$211,MATCH('2 (2)'!$I16,ROSTER!$B$23:$B$150,0),1),"") | L16: =IFERROR(INDEX(ROSTER!$AL$23:$AL$211,MATCH('2 (2)'!$I16,ROSTER!$B$23:$B$150,0),1),"") | M16: SAG
B17: =$B$3&"-AVI" -> HL8082-AVI | D17: =IFERROR(INDEX(ROSTER!$AK$23:$AK$211,MATCH('2 (2)'!$B17,ROSTER!$B$23:$B$150,0),1),"") | E17: =IFERROR(INDEX(ROSTER!$AL$23:$AL$211,MATCH('2 (2)'!$B17,ROSTER!$B$23:$B$150,0),1),"") | H17: =IF(I17="","",ROW(A2)) | I17: {=IFERROR(INDEX(ROSTER!$B$24:$B$150,MATCH(1,INDEX(($I$15=ROSTER!E$24:E$150)*(COUNTIFS(I$7:I16,ROSTER!$B$24:$B$150)=0),0,1),0),1),"")} | J17: =IFERROR(INDEX(ROSTER!$C$24:$C$227,MATCH('2 (2)'!$I17,ROSTER!$B$24:$B$150,0),1),"") | K17: =IFERROR(INDEX(ROSTER!$AK$23:$AK$211,MATCH('2 (2)'!$I17,ROSTER!$B$23:$B$150,0),1),"") | L17: =IFERROR(INDEX(ROSTER!$AL$23:$AL$211,MATCH('2 (2)'!$I17,ROSTER!$B$23:$B$150,0),1),"") | M17: LEADER/GSGT
A18: =IF(B18="","",ROW(A1)) -> 1 | B18: {=IFERROR(INDEX(ROSTER!$B$24:$B$150,MATCH(1,INDEX(($B$17=ROSTER!E$24:E$150)*(COUNTIFS(B$7:B17,ROSTER!$B$24:$B$150)=0),0,1),0),1),"")} -> Đậu Thanh Tâm | C18: =IFERROR(INDEX(ROSTER!$C$24:$C$227,MATCH('2 (2)'!$B18,ROSTER!$B$24:$B$150,0),1),"") -> VAE00742 | D18: =IFERROR(INDEX(ROSTER!$AK$23:$AK$211,MATCH('2 (2)'!$B18,ROSTER!$B$23:$B$150,0),1),"") -> B2 787 | E18: =IFERROR(INDEX(ROSTER!$AL$23:$AL$211,MATCH('2 (2)'!$B18,ROSTER!$B$23:$B$150,0),1),"") -> 0903804857 | H18: =IF(I18="","",ROW(A3)) | I18: {=IFERROR(INDEX(ROSTER!$B$24:$B$150,MATCH(1,INDEX(($I$15=ROSTER!E$24:E$150)*(COUNTIFS(I$7:I17,ROSTER!$B$24:$B$150)=0),0,1),0),1),"")} | J18: =IFERROR(INDEX(ROSTER!$C$24:$C$227,MATCH('2 (2)'!$I18,ROSTER!$B$24:$B$150,0),1),"") | K18: =IFERROR(INDEX(ROSTER!$AK$23:$AK$211,MATCH('2 (2)'!$I18,ROSTER!$B$23:$B$150,0),1),"") | L18: =IFERROR(INDEX(ROSTER!$AL$23:$AL$211,MATCH('2 (2)'!$I18,ROSTER!$B$23:$B$150,0),1),"")
A19: =IF(B19="","",ROW(A2)) -> 2 | B19: {=IFERROR(INDEX(ROSTER!$B$24:$B$150,MATCH(1,INDEX(($B$17=ROSTER!E$24:E$150)*(COUNTIFS(B$7:B18,ROSTER!$B$24:$B$150)=0),0,1),0),1),"")} -> Nguyễn Trương Tân | C19: =IFERROR(INDEX(ROSTER!$C$24:$C$227,MATCH('2 (2)'!$B19,ROSTER!$B$24:$B$150,0),1),"") -> VAE04019 | D19: =IFERROR(INDEX(ROSTER!$AK$23:$AK$211,MATCH('2 (2)'!$B19,ROSTER!$B$23:$B$150,0),1),"") -> EA 787 | E19: =IFERROR(INDEX(ROSTER!$AL$23:$AL$211,MATCH('2 (2)'!$B19,ROSTER!$B$23:$B$150,0),1),"") -> 0902827093 | F19: Tool local/TS5 | H19: =IF(I19="","",ROW(A4)) | I19: {=IFERROR(INDEX(ROSTER!$B$24:$B$150,MATCH(1,INDEX(($I$15=ROSTER!E$24:E$150)*(COUNTIFS(I$7:I18,ROSTER!$B$24:$B$150)=0),0,1),0),1),"")} | J19: =IFERROR(INDEX(ROSTER!$C$24:$C$227,MATCH('2 (2)'!$I19,ROSTER!$B$24:$B$150,0),1),"") | K19: =IFERROR(INDEX(ROSTER!$AK$23:$AK$211,MATCH('2 (2)'!$I19,ROSTER!$B$23:$B$150,0),1),"") | L19: =IFERROR(INDEX(ROSTER!$AL$23:$AL$211,MATCH('2 (2)'!$I19,ROSTER!$B$23:$B$150,0),1),"")
A20: =IF(B20="","",ROW(A3)) -> 3 | B20: {=IFERROR(INDEX(ROSTER!$B$24:$B$150,MATCH(1,INDEX(($B$17=ROSTER!E$24:E$150)*(COUNTIFS(B$7:B19,ROSTER!$B$24:$B$150)=0),0,1),0),1),"")} -> Trần Anh Tuấn PKT | C20: =IFERROR(INDEX(ROSTER!$C$24:$C$227,MATCH('2 (2)'!$B20,ROSTER!$B$24:$B$150,0),1),"") -> VAE01351 | D20: =IFERROR(INDEX(ROSTER!$AK$23:$AK$211,MATCH('2 (2)'!$B20,ROSTER!$B$23:$B$150,0),1),"") -> B2 787/321 | E20: =IFERROR(INDEX(ROSTER!$AL$23:$AL$211,MATCH('2 (2)'!$B20,ROSTER!$B$23:$B$150,0),1),"") -> 0918056705 | F20: Tool local/TS5 | H20: =IF(I20="","",ROW(A5)) | I20: {=IFERROR(INDEX(ROSTER!$B$24:$B$150,MATCH(1,INDEX(($I$15=ROSTER!E$24:E$150)*(COUNTIFS(I$7:I19,ROSTER!$B$24:$B$150)=0),0,1),0),1),"")} | J20: =IFERROR(INDEX(ROSTER!$C$24:$C$227,MATCH('2 (2)'!$I20,ROSTER!$B$24:$B$150,0),1),"") | K20: =IFERROR(INDEX(ROSTER!$AK$23:$AK$211,MATCH('2 (2)'!$I20,ROSTER!$B$23:$B$150,0),1),"") | L20: =IFERROR(INDEX(ROSTER!$AL$23:$AL$211,MATCH('2 (2)'!$I20,ROSTER!$B$23:$B$150,0),1),"")
A21: =IF(B21="","",ROW(A4)) -> 4 | B21: {=IFERROR(INDEX(ROSTER!$B$24:$B$150,MATCH(1,INDEX(($B$17=ROSTER!E$24:E$150)*(COUNTIFS(B$7:B20,ROSTER!$B$24:$B$150)=0),0,1),0),1),"")} -> Nguyễn Quang Huy (Đ3) | C21: =IFERROR(INDEX(ROSTER!$C$24:$C$227,MATCH('2 (2)'!$B21,ROSTER!$B$24:$B$150,0),1),"") -> VAE03007 | D21: =IFERROR(INDEX(ROSTER!$AK$23:$AK$211,MATCH('2 (2)'!$B21,ROSTER!$B$23:$B$150,0),1),"") -> 0 | E21: =IFERROR(INDEX(ROSTER!$AL$23:$AL$211,MATCH('2 (2)'!$B21,ROSTER!$B$23:$B$150,0),1),"") -> 0 | F21: LEADER/GSGT | H21: =IF(I21="","",ROW(A6)) | I21: {=IFERROR(INDEX(ROSTER!$B$24:$B$150,MATCH(1,INDEX(($I$15=ROSTER!E$24:E$150)*(COUNTIFS(I$7:I20,ROSTER!$B$24:$B$150)=0),0,1),0),1),"")} | J21: =IFERROR(INDEX(ROSTER!$C$24:$C$227,MATCH('2 (2)'!$I21,ROSTER!$B$24:$B$150,0),1),"") | K21: =IFERROR(INDEX(ROSTER!$AK$23:$AK$211,MATCH('2 (2)'!$I21,ROSTER!$B$23:$B$150,0),1),"") | L21: =IFERROR(INDEX(ROSTER!$AL$23:$AL$211,MATCH('2 (2)'!$I21,ROSTER!$B$23:$B$150,0),1),"")
A22: =IF(B22="","",ROW(A5)) | B22: {=IFERROR(INDEX(ROSTER!$B$24:$B$150,MATCH(1,INDEX(($B$17=ROSTER!E$24:E$150)*(COUNTIFS(B$7:B21,ROSTER!$B$24:$B$150)=0),0,1),0),1),"")} | C22: =IFERROR(INDEX(ROSTER!$C$24:$C$227,MATCH('2 (2)'!$B22,ROSTER!$B$24:$B$150,0),1),"") | D22: =IFERROR(INDEX(ROSTER!$AK$23:$AK$211,MATCH('2 (2)'!$B22,ROSTER!$B$23:$B$150,0),1),"") | E22: =IFERROR(INDEX(ROSTER!$AL$23:$AL$211,MATCH('2 (2)'!$B22,ROSTER!$B$23:$B$150,0),1),"") | F22: Tool local/TS5 | H22: =IF(I22="","",ROW(A7)) | I22: {=IFERROR(INDEX(ROSTER!$B$24:$B$150,MATCH(1,INDEX(($I$15=ROSTER!E$24:E$150)*(COUNTIFS(I$7:I21,ROSTER!$B$24:$B$150)=0),0,1),0),1),"")} | J22: =IFERROR(INDEX(ROSTER!$C$24:$C$227,MATCH('2 (2)'!$I22,ROSTER!$B$24:$B$150,0),1),"") | K22: =IFERROR(INDEX(ROSTER!$AK$23:$AK$211,MATCH('2 (2)'!$I22,ROSTER!$B$23:$B$150,0),1),"") | L22: =IFERROR(INDEX(ROSTER!$AL$23:$AL$211,MATCH('2 (2)'!$I22,ROSTER!$B$23:$B$150,0),1),"") | M22: TRỰC VS
A23: =IF(B23="","",ROW(A6)) | B23: {=IFERROR(INDEX(ROSTER!$B$24:$B$150,MATCH(1,INDEX(($B$17=ROSTER!E$24:E$150)*(COUNTIFS(B$7:B22,ROSTER!$B$24:$B$150)=0),0,1),0),1),"")} | C23: =IFERROR(INDEX(ROSTER!$C$24:$C$227,MATCH('2 (2)'!$B23,ROSTER!$B$24:$B$150,0),1),"") | D23: =IFERROR(INDEX(ROSTER!$AK$23:$AK$211,MATCH('2 (2)'!$B23,ROSTER!$B$23:$B$150,0),1),"") | E23: =IFERROR(INDEX(ROSTER!$AL$23:$AL$211,MATCH('2 (2)'!$B23,ROSTER!$B$23:$B$150,0),1),"") | H23: =IF(I23="","",ROW(A8)) | I23: {=IFERROR(INDEX(ROSTER!$B$24:$B$150,MATCH(1,INDEX(($I$15=ROSTER!E$24:E$150)*(COUNTIFS(I$7:I22,ROSTER!$B$24:$B$150)=0),0,1),0),1),"")} | J23: =IFERROR(INDEX(ROSTER!$C$24:$C$227,MATCH('2 (2)'!$I23,ROSTER!$B$24:$B$150,0),1),"") | K23: =IFERROR(INDEX(ROSTER!$AK$23:$AK$211,MATCH('2 (2)'!$I23,ROSTER!$B$23:$B$150,0),1),"") | L23: =IFERROR(INDEX(ROSTER!$AL$23:$AL$211,MATCH('2 (2)'!$I23,ROSTER!$B$23:$B$150,0),1),"")
A24: =IF(B24="","",ROW(A7)) | B24: {=IFERROR(INDEX(ROSTER!$B$24:$B$150,MATCH(1,INDEX(($B$17=ROSTER!E$24:E$150)*(COUNTIFS(B$7:B23,ROSTER!$B$24:$B$150)=0),0,1),0),1),"")} | C24: =IFERROR(INDEX(ROSTER!$C$24:$C$227,MATCH('2 (2)'!$B24,ROSTER!$B$24:$B$150,0),1),"") | D24: =IFERROR(INDEX(ROSTER!$AK$23:$AK$211,MATCH('2 (2)'!$B24,ROSTER!$B$23:$B$150,0),1),"") | E24: =IFERROR(INDEX(ROSTER!$AL$23:$AL$211,MATCH('2 (2)'!$B24,ROSTER!$B$23:$B$150,0),1),"") | H24: =IF(I24="","",ROW(A9)) | I24: {=IFERROR(INDEX(ROSTER!$B$24:$B$150,MATCH(1,INDEX(($I$15=ROSTER!E$24:E$150)*(COUNTIFS(I$7:I23,ROSTER!$B$24:$B$150)=0),0,1),0),1),"")} | J24: =IFERROR(INDEX(ROSTER!$C$24:$C$227,MATCH('2 (2)'!$I24,ROSTER!$B$24:$B$150,0),1),"") | K24: =IFERROR(INDEX(ROSTER!$AK$23:$AK$211,MATCH('2 (2)'!$I24,ROSTER!$B$23:$B$150,0),1),"") | L24: =IFERROR(INDEX(ROSTER!$AL$23:$AL$211,MATCH('2 (2)'!$I24,ROSTER!$B$23:$B$150,0),1),"") | M24: Tool local/TS5

Sheet 2
A1: HCM BASE MAINTENANCE CENTER | F1: CLICK ON A/C TO RETURN ROSTER | L1: BS-F 34
A2: DAILY MAINTENANCE DISTRIBUTION
A3: A/C: | B3: =LEFT(VLOOKUP("A*",ROSTER!E24:E70,1,0),4) -> A869 | E3: =ROSTER!E24 -> 46144 | I3: SHIFT:
B4: FOREMAN: | C4: =INDEX(ROSTER!$B$25:$B$150,MATCH("*FM*",ROSTER!E$25:E$227,0),1) -> Lê Thanh Hải | D4: PHONE: | E4: =INDEX(ROSTER!$AL$25:$AL$211,MATCH('2'!C4,ROSTER!$B$25:$B$150,0),1) -> 0979690783 | F4: SAG | I4: TECH SUPPORT | J4: =INDEX(ROSTER!$B$25:$B$150,MATCH("*TECH*",ROSTER!E$25:E$227,0),1) -> Huỳnh Tố Như | K4: PHONE: | L4: =INDEX(ROSTER!$AL$25:$AL$211,MATCH('2'!J4,ROSTER!$B$25:$B$150,0),1) -> 0702785789
B5: CRS C | C5: =INDEX(ROSTER!$B$25:$B$150,MATCH("*QC*",ROSTER!E$25:E$227,0),1) -> Trần Phương | D5: PHONE: | E5: =INDEX(ROSTER!$AL$25:$AL$211,MATCH('2'!C5,ROSTER!$B$25:$B$150,0),1) -> 84986222241 | I5: DOCK PLANNER: | J5: =INDEX(ROSTER!$B$25:$B$150,MATCH("*PPC*",ROSTER!E$25:E$227,0),1) -> Trần Hoàng Nhung | K5: PHONE: | L5: =INDEX(ROSTER!$AL$25:$AL$211,MATCH('2'!J5,ROSTER!$B$25:$B$150,0),1) -> 0906852989
A6: ORD | B6: NAME AND SURNAME | C6: VAECO ID | D6: POSITION | E6: PHONE | F6: REMARK | H6: ORD | I6: NAME AND SURNAME | J6: VAECO ID | K6: POSITION | L6: PHONE | M6: REMARK | O6: Trực VS
B7: =$B$3&"-EC" -> A869-EC | I7: =$B$3&"-EC@16H" -> A869-EC@16H | O7: Leader/GSGT
A8: =IF(B8="","",ROW(A1)) -> 1 | B8: {=IFERROR(INDEX(ROSTER!$B$24:$B$150,MATCH(1,INDEX(($B$7=ROSTER!E$24:E$150)*(COUNTIFS(B$7:B7,ROSTER!$B$24:$B$150)=0),0,1),0),1),"")} -> Phạm Ngọc Anh | C8: =IFERROR(INDEX(ROSTER!$C$24:$C$227,MATCH('2'!$B8,ROSTER!$B$24:$B$150,0),1),"") -> VAE01348 | D8: =IFERROR(INDEX(ROSTER!$AK$23:$AK$211,MATCH('2'!$B8,ROSTER!$B$23:$B$150,0),1),"") -> B1 787 | E8: =IFERROR(INDEX(ROSTER!$AL$23:$AL$211,MATCH('2'!$B8,ROSTER!$B$23:$B$150,0),1),"") -> 0902153933 | F8: Leader/GSGT | H8: =IF(I8="","",ROW(A1)) -> 1 | I8: {=IFERROR(INDEX(ROSTER!$B$24:$B$150,MATCH(1,INDEX(($I$7=ROSTER!E$24:E$150)*(COUNTIFS(I$7:I7,ROSTER!$B$24:$B$150)=0),0,1),0),1),"")} -> Hoàng Sơn Hà | J8: =IFERROR(INDEX(ROSTER!$C$24:$C$227,MATCH('2'!$I8,ROSTER!$B$24:$B$150,0),1),"") -> VAE00725 | K8: =IFERROR(INDEX(ROSTER!$AK$23:$AK$211,MATCH('2'!$I8,ROSTER!$B$23:$B$150,0),1),"") -> B1 787 | L8: =IFERROR(INDEX(ROSTER!$AL$23:$AL$211,MATCH('2'!$I8,ROSTER!$B$23:$B$150,0),1),"") -> 0904321509 | M8: Leader/GSGT | O8: PI/Leader/GSGT
A9: =IF(B9="","",ROW(A2)) -> 2 | B9: {=IFERROR(INDEX(ROSTER!$B$24:$B$150,MATCH(1,INDEX(($B$7=ROSTER!E$24:E$150)*(COUNTIFS(B$7:B8,ROSTER!$B$24:$B$150)=0),0,1),0),1),"")} -> Hồ Sĩ Út | C9: =IFERROR(INDEX(ROSTER!$C$24:$C$227,MATCH('2'!$B9,ROSTER!$B$24:$B$150,0),1),"") -> VAE02854 | D9: =IFERROR(INDEX(ROSTER!$AK$23:$AK$211,MATCH('2'!$B9,ROSTER!$B$23:$B$150,0),1),"") -> B1 787 | E9: =IFERROR(INDEX(ROSTER!$AL$23:$AL$211,MATCH('2'!$B9,ROSTER!$B$23:$B$150,0),1),"") -> 0344242223 | F9: Leader/GSGT | H9: =IF(I9="","",ROW(A2)) -> 2 | I9: {=IFERROR(INDEX(ROSTER!$B$24:$B$150,MATCH(1,INDEX(($I$7=ROSTER!E$24:E$150)*(COUNTIFS(I$7:I8,ROSTER!$B$24:$B$150)=0),0,1),0),1),"")} -> Dương Viết Trìu | J9: =IFERROR(INDEX(ROSTER!$C$24:$C$227,MATCH('2'!$I9,ROSTER!$B$24:$B$150,0),1),"") -> VAE03250 | K9: =IFERROR(INDEX(ROSTER!$AK$23:$AK$211,MATCH('2'!$I9,ROSTER!$B$23:$B$150,0),1),"") -> B1 B787/A321 | L9: =IFERROR(INDEX(ROSTER!$AL$23:$AL$211,MATCH('2'!$I9,ROSTER!$B$23:$B$150,0),1),"") -> 0983990518 | O9: Test ACT/EMT
A10: =IF(B10="","",ROW(A3)) -> 3 | B10: {=IFERROR(INDEX(ROSTER!$B$24:$B$150,MATCH(1,INDEX(($B$7=ROSTER!E$24:E$150)*(COUNTIFS(B$7:B9,ROSTER!$B$24:$B$150)=0),0,1),0),1),"")} -> Phạm Minh Tuấn | C10: =IFERROR(INDEX(ROSTER!$C$24:$C$227,MATCH('2'!$B10,ROSTER!$B$24:$B$150,0),1),"") -> VAE00763 | D10: =IFERROR(INDEX(ROSTER!$AK$23:$AK$211,MATCH('2'!$B10,ROSTER!$B$23:$B$150,0),1),"") -> QM 787 | E10: =IFERROR(INDEX(ROSTER!$AL$23:$AL$211,MATCH('2'!$B10,ROSTER!$B$23:$B$150,0),1),"") -> 0903128278 | H10: =IF(I10="","",ROW(A3)) -> 3 | I10: {=IFERROR(INDEX(ROSTER!$B$24:$B$150,MATCH(1,INDEX(($I$7=ROSTER!E$24:E$150)*(COUNTIFS(I$7:I9,ROSTER!$B$24:$B$150)=0),0,1),0),1),"")} -> Vũ Văn Mạnh | J10: =IFERROR(INDEX(ROSTER!$C$24:$C$227,MATCH('2'!$I10,ROSTER!$B$24:$B$150,0),1),"") -> VAE03240 | K10: =IFERROR(INDEX(ROSTER!$AK$23:$AK$211,MATCH('2'!$I10,ROSTER!$B$23:$B$150,0),1),"") -> B1 B787/A321 | L10: =IFERROR(INDEX(ROSTER!$AL$23:$AL$211,MATCH('2'!$I10,ROSTER!$B$23:$B$150,0),1),"") -> 0968697183
A11: =IF(B11="","",ROW(A4)) -> 4 | B11: {=IFERROR(INDEX(ROSTER!$B$24:$B$150,MATCH(1,INDEX(($B$7=ROSTER!E$24:E$150)*(COUNTIFS(B$7:B10,ROSTER!$B$24:$B$150)=0),0,1),0),1),"")} -> Nguyễn Anh Tuấn | C11: =IFERROR(INDEX(ROSTER!$C$24:$C$227,MATCH('2'!$B11,ROSTER!$B$24:$B$150,0),1),"") -> VAE02373 | D11: =IFERROR(INDEX(ROSTER!$AK$23:$AK$211,MATCH('2'!$B11,ROSTER!$B$23:$B$150,0),1),"") -> QM 787 | E11: =IFERROR(INDEX(ROSTER!$AL$23:$AL$211,MATCH('2'!$B11,ROSTER!$B$23:$B$150,0),1),"") -> 0988034352 | H11: =IF(I11="","",ROW(A4)) -> 4 | I11: {=IFERROR(INDEX(ROSTER!$B$24:$B$150,MATCH(1,INDEX(($I$7=ROSTER!E$24:E$150)*(COUNTIFS(I$7:I10,ROSTER!$B$24:$B$150)=0),0,1),0),1),"")} -> Đoàn Mạnh Quyết | J11: =IFERROR(INDEX(ROSTER!$C$24:$C$227,MATCH('2'!$I11,ROSTER!$B$24:$B$150,0),1),"") -> VAE00521 | K11: =IFERROR(INDEX(ROSTER!$AK$23:$AK$211,MATCH('2'!$I11,ROSTER!$B$23:$B$150,0),1),"") -> QM 787 | L11: =IFERROR(INDEX(ROSTER!$AL$23:$AL$211,MATCH('2'!$I11,ROSTER!$B$23:$B$150,0),1),"") -> 0979789920
A12: =IF(B12="","",ROW(A5)) -> 5 | B12: {=IFERROR(INDEX(ROSTER!$B$24:$B$150,MATCH(1,INDEX(($B$7=ROSTER!E$24:E$150)*(COUNTIFS(B$7:B11,ROSTER!$B$24:$B$150)=0),0,1),0),1),"")} -> Đặng Quang Bảo | C12: =IFERROR(INDEX(ROSTER!$C$24:$C$227,MATCH('2'!$B12,ROSTER!$B$24:$B$150,0),1),"") -> VAE03610 | D12: =IFERROR(INDEX(ROSTER!$AK$23:$AK$211,MATCH('2'!$B12,ROSTER!$B$23:$B$150,0),1),"") -> QM PP | E12: =IFERROR(INDEX(ROSTER!$AL$23:$AL$211,MATCH('2'!$B12,ROSTER!$B$23:$B$150,0),1),"") -> 0326718845 | H12: =IF(I12="","",ROW(A5)) -> 5 | I12: {=IFERROR(INDEX(ROSTER!$B$24:$B$150,MATCH(1,INDEX(($I$7=ROSTER!E$24:E$150)*(COUNTIFS(I$7:I11,ROSTER!$B$24:$B$150)=0),0,1),0),1),"")} -> Phạm Hùng | J12: =IFERROR(INDEX(ROSTER!$C$24:$C$227,MATCH('2'!$I12,ROSTER!$B$24:$B$150,0),1),"") -> VAE01771 | K12: =IFERROR(INDEX(ROSTER!$AK$23:$AK$211,MATCH('2'!$I12,ROSTER!$B$23:$B$150,0),1),"") -> QM AF | L12: =IFERROR(INDEX(ROSTER!$AL$23:$AL$211,MATCH('2'!$I12,ROSTER!$B$23:$B$150,0),1),"") -> 0908489886
A13: =IF(B13="","",ROW(A6)) -> 6 | B13: {=IFERROR(INDEX(ROSTER!$B$24:$B$150,MATCH(1,INDEX(($B$7=ROSTER!E$24:E$150)*(COUNTIFS(B$7:B12,ROSTER!$B$24:$B$150)=0),0,1),0),1),"")} -> Vũ Tuấn Tú | C13: =IFERROR(INDEX(ROSTER!$C$24:$C$227,MATCH('2'!$B13,ROSTER!$B$24:$B$150,0),1),"") -> VAE03602 | D13: =IFERROR(INDEX(ROSTER!$AK$23:$AK$211,MATCH('2'!$B13,ROSTER!$B$23:$B$150,0),1),"") -> QM AF | E13: =IFERROR(INDEX(ROSTER!$AL$23:$AL$211,MATCH('2'!$B13,ROSTER!$B$23:$B$150,0),1),"") -> 0774768007 | F13: TRỰC VS | H13: =IF(I13="","",ROW(A6)) -> 6 | I13: {=IFERROR(INDEX(ROSTER!$B$24:$B$150,MATCH(1,INDEX(($I$7=ROSTER!E$24:E$150)*(COUNTIFS(I$7:I12,ROSTER!$B$24:$B$150)=0),0,1),0),1),"")} -> Nguyễn Văn Thái | J13: =IFERROR(INDEX(ROSTER!$C$24:$C$227,MATCH('2'!$I13,ROSTER!$B$24:$B$150,0),1),"") -> VAE03591 | K13: =IFERROR(INDEX(ROSTER!$AK$23:$AK$211,MATCH('2'!$I13,ROSTER!$B$23:$B$150,0),1),"") -> QM PP | L13: =IFERROR(INDEX(ROSTER!$AL$23:$AL$211,MATCH('2'!$I13,ROSTER!$B$23:$B$150,0),1),"") -> 0938235487
A14: =IF(B14="","",ROW(A7)) -> 7 | B14: {=IFERROR(INDEX(ROSTER!$B$24:$B$150,MATCH(1,INDEX(($B$7=ROSTER!E$24:E$150)*(COUNTIFS(B$7:B13,ROSTER!$B$24:$B$150)=0),0,1),0),1),"")} -> Trần Trung Tín | C14: =IFERROR(INDEX(ROSTER!$C$24:$C$227,MATCH('2'!$B14,ROSTER!$B$24:$B$150,0),1),"") -> VAE03612 | D14: =IFERROR(INDEX(ROSTER!$AK$23:$AK$211,MATCH('2'!$B14,ROSTER!$B$23:$B$150,0),1),"") -> QM AF | E14: =IFERROR(INDEX(ROSTER!$AL$23:$AL$211,MATCH('2'!$B14,ROSTER!$B$23:$B$150,0),1),"") -> 0834603606 | F14: Tool local/TS5 | H14: =IF(I14="","",ROW(A7)) -> 7 | I14: {=IFERROR(INDEX(ROSTER!$B$24:$B$150,MATCH(1,INDEX(($I$7=ROSTER!E$24:E$150)*(COUNTIFS(I$7:I13,ROSTER!$B$24:$B$150)=0),0,1),0),1),"")} -> Nguyễn Phan Hoàng Long | J14: =IFERROR(INDEX(ROSTER!$C$24:$C$227,MATCH('2'!$I14,ROSTER!$B$24:$B$150,0),1),"") -> VAE03596 | K14: =IFERROR(INDEX(ROSTER!$AK$23:$AK$211,MATCH('2'!$I14,ROSTER!$B$23:$B$150,0),1),"") -> QM AF | L14: =IFERROR(INDEX(ROSTER!$AL$23:$AL$211,MATCH('2'!$I14,ROSTER!$B$23:$B$150,0),1),"") -> 0967103203
A15: =IF(B15="","",ROW(A8)) -> 8 | B15: {=IFERROR(INDEX(ROSTER!$B$24:$B$150,MATCH(1,INDEX(($B$7=ROSTER!E$24:E$150)*(COUNTIFS(B$7:B14,ROSTER!$B$24:$B$150)=0),0,1),0),1),"")} -> Nguyễn Ngọc Đức | C15: =IFERROR(INDEX(ROSTER!$C$24:$C$227,MATCH('2'!$B15,ROSTER!$B$24:$B$150,0),1),"") -> VAE04023 | D15: =IFERROR(INDEX(ROSTER!$AK$23:$AK$211,MATCH('2'!$B15,ROSTER!$B$23:$B$150,0),1),"") -> MECH | E15: =IFERROR(INDEX(ROSTER!$AL$23:$AL$211,MATCH('2'!$B15,ROSTER!$B$23:$B$150,0),1),"") -> 0825070997 | F15: Tool local/TS5 | H15: =IF(I15="","",ROW(A8)) -> 8 | I15: {=IFERROR(INDEX(ROSTER!$B$24:$B$150,MATCH(1,INDEX(($I$7=ROSTER!E$24:E$150)*(COUNTIFS(I$7:I14,ROSTER!$B$24:$B$150)=0),0,1),0),1),"")} -> Vũ Quang Vinh | J15: =IFERROR(INDEX(ROSTER!$C$24:$C$227,MATCH('2'!$I15,ROSTER!$B$24:$B$150,0),1),"") -> VAE03617 | K15: =IFERROR(INDEX(ROSTER!$AK$23:$AK$211,MATCH('2'!$I15,ROSTER!$B$23:$B$150,0),1),"") -> QM AF | L15: =IFERROR(INDEX(ROSTER!$AL$23:$AL$211,MATCH('2'!$I15,ROSTER!$B$23:$B$150,0),1),"") -> 0773781627 | M15: Tool local/TS5
A16: =IF(B16="","",ROW(A9)) -> 9 | B16: {=IFERROR(INDEX(ROSTER!$B$24:$B$150,MATCH(1,INDEX(($B$7=ROSTER!E$24:E$150)*(COUNTIFS(B$7:B15,ROSTER!$B$24:$B$150)=0),0,1),0),1),"")} -> Châu Nghi | C16: =IFERROR(INDEX(ROSTER!$C$24:$C$227,MATCH('2'!$B16,ROSTER!$B$24:$B$150,0),1),"") -> HVTT | D16: =IFERROR(INDEX(ROSTER!$AK$23:$AK$211,MATCH('2'!$B16,ROSTER!$B$23:$B$150,0),1),"") -> 0 | E16: =IFERROR(INDEX(ROSTER!$AL$23:$AL$211,MATCH('2'!$B16,ROSTER!$B$23:$B$150,0),1),"") -> 0933221105 | F16: TRỰC VS | H16: =IF(I16="","",ROW(A9)) -> 9 | I16: {=IFERROR(INDEX(ROSTER!$B$24:$B$150,MATCH(1,INDEX(($I$7=ROSTER!E$24:E$150)*(COUNTIFS(I$7:I15,ROSTER!$B$24:$B$150)=0),0,1),0),1),"")} -> Dương Minh Tuấn | J16: =IFERROR(INDEX(ROSTER!$C$24:$C$227,MATCH('2'!$I16,ROSTER!$B$24:$B$150,0),1),"") -> VAE04035 | K16: =IFERROR(INDEX(ROSTER!$AK$23:$AK$211,MATCH('2'!$I16,ROSTER!$B$23:$B$150,0),1),"") -> MECH | L16: =IFERROR(INDEX(ROSTER!$AL$23:$AL$211,MATCH('2'!$I16,ROSTER!$B$23:$B$150,0),1),"") -> 0938930981 | M16: Tool local/TS5
A17: =IF(B17="","",ROW(A10)) -> 10 | B17: {=IFERROR(INDEX(ROSTER!$B$24:$B$150,MATCH(1,INDEX(($B$7=ROSTER!E$24:E$150)*(COUNTIFS(B$7:B16,ROSTER!$B$24:$B$150)=0),0,1),0),1),"")} -> Nguyễn Quang Huy(Đ2) | C17: =IFERROR(INDEX(ROSTER!$C$24:$C$227,MATCH('2'!$B17,ROSTER!$B$24:$B$150,0),1),"") -> VAE04024 | D17: =IFERROR(INDEX(ROSTER!$AK$23:$AK$211,MATCH('2'!$B17,ROSTER!$B$23:$B$150,0),1),"") -> 0 | E17: =IFERROR(INDEX(ROSTER!$AL$23:$AL$211,MATCH('2'!$B17,ROSTER!$B$23:$B$150,0),1),"") -> 0 | H17: =IF(I17="","",ROW(A10)) -> 10 | I17: {=IFERROR(INDEX(ROSTER!$B$24:$B$150,MATCH(1,INDEX(($I$7=ROSTER!E$24:E$150)*(COUNTIFS(I$7:I16,ROSTER!$B$24:$B$150)=0),0,1),0),1),"")} -> Nguyễn Thành Trung | J17: =IFERROR(INDEX(ROSTER!$C$24:$C$227,MATCH('2'!$I17,ROSTER!$B$24:$B$150,0),1),"") -> VAE04031 | K17: =IFERROR(INDEX(ROSTER!$AK$23:$AK$211,MATCH('2'!$I17,ROSTER!$B$23:$B$150,0),1),"") -> MECH | L17: =IFERROR(INDEX(ROSTER!$AL$23:$AL$211,MATCH('2'!$I17,ROSTER!$B$23:$B$150,0),1),"") -> 0962516841 | O17: TERM
A18: =IF(B18="","",ROW(A11)) -> 11 | B18: {=IFERROR(INDEX(ROSTER!$B$24:$B$150,MATCH(1,INDEX(($B$7=ROSTER!E$24:E$150)*(COUNTIFS(B$7:B17,ROSTER!$B$24:$B$150)=0),0,1),0),1),"")} -> Đỗ Quang Trường | C18: =IFERROR(INDEX(ROSTER!$C$24:$C$227,MATCH('2'!$B18,ROSTER!$B$24:$B$150,0),1),"") -> VAE04021 | D18: =IFERROR(INDEX(ROSTER!$AK$23:$AK$211,MATCH('2'!$B18,ROSTER!$B$23:$B$150,0),1),"") -> 0 | E18: =IFERROR(INDEX(ROSTER!$AL$23:$AL$211,MATCH('2'!$B18,ROSTER!$B$23:$B$150,0),1),"") -> 0 | F18: TRỰC VS | H18: =IF(I18="","",ROW(A11)) -> 11 | I18: {=IFERROR(INDEX(ROSTER!$B$24:$B$150,MATCH(1,INDEX(($I$7=ROSTER!E$24:E$150)*(COUNTIFS(I$7:I17,ROSTER!$B$24:$B$150)=0),0,1),0),1),"")} -> Nguyễn Duy Khang | J18: =IFERROR(INDEX(ROSTER!$C$24:$C$227,MATCH('2'!$I18,ROSTER!$B$24:$B$150,0),1),"") -> VAE03607 | K18: =IFERROR(INDEX(ROSTER!$AK$23:$AK$211,MATCH('2'!$I18,ROSTER!$B$23:$B$150,0),1),"") -> QM AF | L18: =IFERROR(INDEX(ROSTER!$AL$23:$AL$211,MATCH('2'!$I18,ROSTER!$B$23:$B$150,0),1),"") -> 0935594624 | M18: TRỰC VS | O18: SAG
A19: =IF(B19="","",ROW(A12)) -> 12 | B19: {=IFERROR(INDEX(ROSTER!$B$24:$B$150,MATCH(1,INDEX(($B$7=ROSTER!E$24:E$150)*(COUNTIFS(B$7:B18,ROSTER!$B$24:$B$150)=0),0,1),0),1),"")} -> Đặng Phương Nam | C19: =IFERROR(INDEX(ROSTER!$C$24:$C$227,MATCH('2'!$B19,ROSTER!$B$24:$B$150,0),1),"") -> VAE04213 | D19: =IFERROR(INDEX(ROSTER!$AK$23:$AK$211,MATCH('2'!$B19,ROSTER!$B$23:$B$150,0),1),"") -> 0 | E19: =IFERROR(INDEX(ROSTER!$AL$23:$AL$211,MATCH('2'!$B19,ROSTER!$B$23:$B$150,0),1),"") -> 0 | F19: TRỰC VS | H19: =IF(I19="","",ROW(A12)) -> 12 | I19: {=IFERROR(INDEX(ROSTER!$B$24:$B$150,MATCH(1,INDEX(($I$7=ROSTER!E$24:E$150)*(COUNTIFS(I$7:I18,ROSTER!$B$24:$B$150)=0),0,1),0),1),"")} -> Lê Trần Thiên Cương | J19: =IFERROR(INDEX(ROSTER!$C$24:$C$227,MATCH('2'!$I19,ROSTER!$B$24:$B$150,0),1),"") -> VAE04203 | K19: =IFERROR(INDEX(ROSTER!$AK$23:$AK$211,MATCH('2'!$I19,ROSTER!$B$23:$B$150,0),1),"") -> MECH | L19: =IFERROR(INDEX(ROSTER!$AL$23:$AL$211,MATCH('2'!$I19,ROSTER!$B$23:$B$150,0),1),"") -> 0867773318 | M19: TRỰC VS
A20: =IF(B20="","",ROW(A13)) -> 13 | B20: {=IFERROR(INDEX(ROSTER!$B$24:$B$150,MATCH(1,INDEX(($B$7=ROSTER!E$24:E$150)*(COUNTIFS(B$7:B19,ROSTER!$B$24:$B$150)=0),0,1),0),1),"")} -> Trần Bảo Long | C20: =IFERROR(INDEX(ROSTER!$C$24:$C$227,MATCH('2'!$B20,ROSTER!$B$24:$B$150,0),1),"") -> VAE04032 | D20: =IFERROR(INDEX(ROSTER!$AK$23:$AK$211,MATCH('2'!$B20,ROSTER!$B$23:$B$150,0),1),"") -> 0 | E20: =IFERROR(INDEX(ROSTER!$AL$23:$AL$211,MATCH('2'!$B20,ROSTER!$B$23:$B$150,0),1),"") -> 0 | H20: =IF(I20="","",ROW(A13)) -> 13 | I20: {=IFERROR(INDEX(ROSTER!$B$24:$B$150,MATCH(1,INDEX(($I$7=ROSTER!E$24:E$150)*(COUNTIFS(I$7:I19,ROSTER!$B$24:$B$150)=0),0,1),0),1),"")} -> Thân Minh Nguyên | J20: =IFERROR(INDEX(ROSTER!$C$24:$C$227,MATCH('2'!$I20,ROSTER!$B$24:$B$150,0),1),"") -> VAE04211 | K20: =IFERROR(INDEX(ROSTER!$AK$23:$AK$211,MATCH('2'!$I20,ROSTER!$B$23:$B$150,0),1),"") -> MECH | L20: =IFERROR(INDEX(ROSTER!$AL$23:$AL$211,MATCH('2'!$I20,ROSTER!$B$23:$B$150,0),1),"") -> 0366492128 | M20: TRỰC VS
A21: =IF(B21="","",ROW(A14)) -> 14 | B21: {=IFERROR(INDEX(ROSTER!$B$24:$B$150,MATCH(1,INDEX(($B$7=ROSTER!E$24:E$150)*(COUNTIFS(B$7:B20,ROSTER!$B$24:$B$150)=0),0,1),0),1),"")} -> Hoàng Nghĩa Thuận | C21: =IFERROR(INDEX(ROSTER!$C$24:$C$227,MATCH('2'!$B21,ROSTER!$B$24:$B$150,0),1),"") -> VAE04048 | D21: =IFERROR(INDEX(ROSTER!$AK$23:$AK$211,MATCH('2'!$B21,ROSTER!$B$23:$B$150,0),1),"") -> 0 | E21: =IFERROR(INDEX(ROSTER!$AL$23:$AL$211,MATCH('2'!$B21,ROSTER!$B$23:$B$150,0),1),"") -> 0 | H21: =IF(I21="","",ROW(A14)) -> 14 | I21: {=IFERROR(INDEX(ROSTER!$B$24:$B$150,MATCH(1,INDEX(($I$7=ROSTER!E$24:E$150)*(COUNTIFS(I$7:I20,ROSTER!$B$24:$B$150)=0),0,1),0),1),"")} -> Bùi Phú Duy | J21: =IFERROR(INDEX(ROSTER!$C$24:$C$227,MATCH('2'!$I21,ROSTER!$B$24:$B$150,0),1),"") -> VAE04017 | K21: =IFERROR(INDEX(ROSTER!$AK$23:$AK$211,MATCH('2'!$I21,ROSTER!$B$23:$B$150,0),1),"") -> 0 | L21: =IFERROR(INDEX(ROSTER!$AL$23:$AL$211,MATCH('2'!$I21,ROSTER!$B$23:$B$150,0),1),"") -> 0
A22: =IF(B22="","",ROW(A15)) -> 15 | B22: {=IFERROR(INDEX(ROSTER!$B$24:$B$150,MATCH(1,INDEX(($B$7=ROSTER!E$24:E$150)*(COUNTIFS(B$7:B21,ROSTER!$B$24:$B$150)=0),0,1),0),1),"")} -> Huỳnh Đức Tú | C22: =IFERROR(INDEX(ROSTER!$C$24:$C$227,MATCH('2'!$B22,ROSTER!$B$24:$B$150,0),1),"") -> VAE04036 | D22: =IFERROR(INDEX(ROSTER!$AK$23:$AK$211,MATCH('2'!$B22,ROSTER!$B$23:$B$150,0),1),"") -> 0 | E22: =IFERROR(INDEX(ROSTER!$AL$23:$AL$211,MATCH('2'!$B22,ROSTER!$B$23:$B$150,0),1),"") -> 0 | H22: =IF(I22="","",ROW(A15)) -> 15 | I22: {=IFERROR(INDEX(ROSTER!$B$24:$B$150,MATCH(1,INDEX(($I$7=ROSTER!E$24:E$150)*(COUNTIFS(I$7:I21,ROSTER!$B$24:$B$150)=0),0,1),0),1),"")} -> Dương Tấn Hưng | J22: =IFERROR(INDEX(ROSTER!$C$24:$C$227,MATCH('2'!$I22,ROSTER!$B$24:$B$150,0),1),"") -> VAE04212 | K22: =IFERROR(INDEX(ROSTER!$AK$23:$AK$211,MATCH('2'!$I22,ROSTER!$B$23:$B$150,0),1),"") -> 0 | L22: =IFERROR(INDEX(ROSTER!$AL$23:$AL$211,MATCH('2'!$I22,ROSTER!$B$23:$B$150,0),1),"") -> 0
A23: =IF(B23="","",ROW(A22)) | B23: {=IFERROR(INDEX(ROSTER!$B$24:$B$150,MATCH(1,INDEX(($B$7=ROSTER!E$24:E$150)*(COUNTIFS(B$7:B22,ROSTER!$B$24:$B$150)=0),0,1),0),1),"")} | C23: =IFERROR(INDEX(ROSTER!$C$24:$C$227,MATCH('2'!$B23,ROSTER!$B$24:$B$150,0),1),"") | D23: =IFERROR(INDEX(ROSTER!$AK$23:$AK$211,MATCH('2'!$B23,ROSTER!$B$23:$B$150,0),1),"") | E23: =IFERROR(INDEX(ROSTER!$AL$23:$AL$211,MATCH('2'!$B23,ROSTER!$B$23:$B$150,0),1),"") | H23: =IF(I23="","",ROW(A16)) -> 16 | I23: {=IFERROR(INDEX(ROSTER!$B$24:$B$150,MATCH(1,INDEX(($I$7=ROSTER!E$24:E$150)*(COUNTIFS(I$7:I22,ROSTER!$B$24:$B$150)=0),0,1),0),1),"")} -> Nguyễn Ngọc Trường Sơn | J23: =IFERROR(INDEX(ROSTER!$C$24:$C$227,MATCH('2'!$I23,ROSTER!$B$24:$B$150,0),1),"") -> VAE04205 | K23: =IFERROR(INDEX(ROSTER!$AK$23:$AK$211,MATCH('2'!$I23,ROSTER!$B$23:$B$150,0),1),"") -> 0 | L23: =IFERROR(INDEX(ROSTER!$AL$23:$AL$211,MATCH('2'!$I23,ROSTER!$B$23:$B$150,0),1),"") -> 0
A24: =IF(B24="","",ROW(#REF!)) | B24: {=IFERROR(INDEX(ROSTER!$B$24:$B$150,MATCH(1,INDEX(($B$7=ROSTER!E$24:E$150)*(COUNTIFS(B$7:B23,ROSTER!$B$24:$B$150)=0),0,1),0),1),"")} | C24: =IFERROR(INDEX(ROSTER!$C$24:$C$227,MATCH('2'!$B24,ROSTER!$B$24:$B$150,0),1),"") | D24: =IFERROR(INDEX(ROSTER!$AK$23:$AK$211,MATCH('2'!$B24,ROSTER!$B$23:$B$150,0),1),"") | E24: =IFERROR(INDEX(ROSTER!$AL$23:$AL$211,MATCH('2'!$B24,ROSTER!$B$23:$B$150,0),1),"") | H24: =IF(I24="","",ROW(A17)) | I24: {=IFERROR(INDEX(ROSTER!$B$24:$B$150,MATCH(1,INDEX(($I$7=ROSTER!E$24:E$150)*(COUNTIFS(I$7:I23,ROSTER!$B$24:$B$150)=0),0,1),0),1),"")} | J24: =IFERROR(INDEX(ROSTER!$C$24:$C$227,MATCH('2'!$I24,ROSTER!$B$24:$B$150,0),1),"") | K24: =IFERROR(INDEX(ROSTER!$AK$23:$AK$211,MATCH('2'!$I24,ROSTER!$B$23:$B$150,0),1),"") | L24: =IFERROR(INDEX(ROSTER!$AL$23:$AL$211,MATCH('2'!$I24,ROSTER!$B$23:$B$150,0),1),"")
B25: =$B$3&"-AVI" -> A869-AVI | D25: =IFERROR(INDEX(ROSTER!$AK$23:$AK$211,MATCH('2'!$B25,ROSTER!$B$23:$B$150,0),1),"") | E25: =IFERROR(INDEX(ROSTER!$AL$23:$AL$211,MATCH('2'!$B25,ROSTER!$B$23:$B$150,0),1),"") | H25: =IF(I25="","",ROW(A18)) | I25: {=IFERROR(INDEX(ROSTER!$B$24:$B$150,MATCH(1,INDEX(($I$7=ROSTER!E$24:E$150)*(COUNTIFS(I$7:I24,ROSTER!$B$24:$B$150)=0),0,1),0),1),"")} | J25: =IFERROR(INDEX(ROSTER!$C$24:$C$227,MATCH('2'!$I25,ROSTER!$B$24:$B$150,0),1),"") | K25: =IFERROR(INDEX(ROSTER!$AK$23:$AK$211,MATCH('2'!$I25,ROSTER!$B$23:$B$150,0),1),"") | L25: =IFERROR(INDEX(ROSTER!$AL$23:$AL$211,MATCH('2'!$I25,ROSTER!$B$23:$B$150,0),1),"")
A26: =IF(B26="","",ROW(A1)) -> 1 | B26: {=IFERROR(INDEX(ROSTER!$B$24:$B$150,MATCH(1,INDEX(($B$25=ROSTER!E$24:E$150)*(COUNTIFS(B$7:B25,ROSTER!$B$24:$B$150)=0),0,1),0),1),"")} -> Phạm Hồng Quân | C26: =IFERROR(INDEX(ROSTER!$C$24:$C$227,MATCH('2'!$B26,ROSTER!$B$24:$B$150,0),1),"") -> VAE01301 | D26: =IFERROR(INDEX(ROSTER!$AK$23:$AK$211,MATCH('2'!$B26,ROSTER!$B$23:$B$150,0),1),"") -> B2 787 | E26: =IFERROR(INDEX(ROSTER!$AL$23:$AL$211,MATCH('2'!$B26,ROSTER!$B$23:$B$150,0),1),"") -> 0983173064 | F26: LEADER/GSGT | H26: =IF(I26="","",ROW(A19)) | I26: {=IFERROR(INDEX(ROSTER!$B$24:$B$150,MATCH(1,INDEX(($I$7=ROSTER!E$24:E$150)*(COUNTIFS(I$7:I25,ROSTER!$B$24:$B$150)=0),0,1),0),1),"")} | J26: =IFERROR(INDEX(ROSTER!$C$24:$C$227,MATCH('2'!$I26,ROSTER!$B$24:$B$150,0),1),"") | K26: =IFERROR(INDEX(ROSTER!$AK$23:$AK$211,MATCH('2'!$I26,ROSTER!$B$23:$B$150,0),1),"") | L26: =IFERROR(INDEX(ROSTER!$AL$23:$AL$211,MATCH('2'!$I26,ROSTER!$B$23:$B$150,0),1),"")
A27: =IF(B27="","",ROW(A2)) -> 2 | B27: {=IFERROR(INDEX(ROSTER!$B$24:$B$150,MATCH(1,INDEX(($B$25=ROSTER!E$24:E$150)*(COUNTIFS(B$7:B26,ROSTER!$B$24:$B$150)=0),0,1),0),1),"")} -> Đoàn Văn Tú | C27: =IFERROR(INDEX(ROSTER!$C$24:$C$227,MATCH('2'!$B27,ROSTER!$B$24:$B$150,0),1),"") -> VAE00256 | D27: =IFERROR(INDEX(ROSTER!$AK$23:$AK$211,MATCH('2'!$B27,ROSTER!$B$23:$B$150,0),1),"") -> B2 B787/A321 | E27: =IFERROR(INDEX(ROSTER!$AL$23:$AL$211,MATCH('2'!$B27,ROSTER!$B$23:$B$150,0),1),"") -> 0917384394 | H27: =IF(I27="","",ROW(A20)) | I27: {=IFERROR(INDEX(ROSTER!$B$24:$B$150,MATCH(1,INDEX(($I$7=ROSTER!E$24:E$150)*(COUNTIFS(I$7:I26,ROSTER!$B$24:$B$150)=0),0,1),0),1),"")} | J27: =IFERROR(INDEX(ROSTER!$C$24:$C$227,MATCH('2'!$I27,ROSTER!$B$24:$B$150,0),1),"") | K27: =IFERROR(INDEX(ROSTER!$AK$23:$AK$211,MATCH('2'!$I27,ROSTER!$B$23:$B$150,0),1),"") | L27: =IFERROR(INDEX(ROSTER!$AL$23:$AL$211,MATCH('2'!$I27,ROSTER!$B$23:$B$150,0),1),"")
A28: =IF(B28="","",ROW(A3)) -> 3 | B28: {=IFERROR(INDEX(ROSTER!$B$24:$B$150,MATCH(1,INDEX(($B$25=ROSTER!E$24:E$150)*(COUNTIFS(B$7:B27,ROSTER!$B$24:$B$150)=0),0,1),0),1),"")} -> Cù Anh Tư | C28: =IFERROR(INDEX(ROSTER!$C$24:$C$227,MATCH('2'!$B28,ROSTER!$B$24:$B$150,0),1),"") -> VAE03095 | D28: =IFERROR(INDEX(ROSTER!$AK$23:$AK$211,MATCH('2'!$B28,ROSTER!$B$23:$B$150,0),1),"") -> QM EA | E28: =IFERROR(INDEX(ROSTER!$AL$23:$AL$211,MATCH('2'!$B28,ROSTER!$B$23:$B$150,0),1),"") -> 0984208181 | F28: Tool local/TS5 | H28: =IF(I28="","",ROW(A21)) | I28: {=IFERROR(INDEX(ROSTER!$B$24:$B$150,MATCH(1,INDEX(($I$7=ROSTER!E$24:E$150)*(COUNTIFS(I$7:I27,ROSTER!$B$24:$B$150)=0),0,1),0),1),"")} | J28: =IFERROR(INDEX(ROSTER!$C$24:$C$227,MATCH('2'!$I28,ROSTER!$B$24:$B$150,0),1),"") | K28: =IFERROR(INDEX(ROSTER!$AK$23:$AK$211,MATCH('2'!$I28,ROSTER!$B$23:$B$150,0),1),"") | L28: =IFERROR(INDEX(ROSTER!$AL$23:$AL$211,MATCH('2'!$I28,ROSTER!$B$23:$B$150,0),1),"")
A29: =IF(B29="","",ROW(A4)) -> 4 | B29: {=IFERROR(INDEX(ROSTER!$B$24:$B$150,MATCH(1,INDEX(($B$25=ROSTER!E$24:E$150)*(COUNTIFS(B$7:B28,ROSTER!$B$24:$B$150)=0),0,1),0),1),"")} -> Phạm Bá Khánh | C29: =IFERROR(INDEX(ROSTER!$C$24:$C$227,MATCH('2'!$B29,ROSTER!$B$24:$B$150,0),1),"") -> VAE02476 | D29: =IFERROR(INDEX(ROSTER!$AK$23:$AK$211,MATCH('2'!$B29,ROSTER!$B$23:$B$150,0),1),"") -> B2 787 | E29: =IFERROR(INDEX(ROSTER!$AL$23:$AL$211,MATCH('2'!$B29,ROSTER!$B$23:$B$150,0),1),"") -> 0 | H29: =IF(I29="","",ROW(A22)) | I29: {=IFERROR(INDEX(ROSTER!$B$24:$B$150,MATCH(1,INDEX(($I$7=ROSTER!E$24:E$150)*(COUNTIFS(I$7:I28,ROSTER!$B$24:$B$150)=0),0,1),0),1),"")} | J29: =IFERROR(INDEX(ROSTER!$C$24:$C$227,MATCH('2'!$I29,ROSTER!$B$24:$B$150,0),1),"") | K29: =IFERROR(INDEX(ROSTER!$AK$23:$AK$211,MATCH('2'!$I29,ROSTER!$B$23:$B$150,0),1),"") | L29: =IFERROR(INDEX(ROSTER!$AL$23:$AL$211,MATCH('2'!$I29,ROSTER!$B$23:$B$150,0),1),"")
A30: =IF(B30="","",ROW(A5)) -> 5 | B30: {=IFERROR(INDEX(ROSTER!$B$24:$B$150,MATCH(1,INDEX(($B$25=ROSTER!E$24:E$150)*(COUNTIFS(B$7:B29,ROSTER!$B$24:$B$150)=0),0,1),0),1),"")} -> Lại Hợp Sơn | C30: =IFERROR(INDEX(ROSTER!$C$24:$C$227,MATCH('2'!$B30,ROSTER!$B$24:$B$150,0),1),"") -> VAE04202 | D30: =IFERROR(INDEX(ROSTER!$AK$23:$AK$211,MATCH('2'!$B30,ROSTER!$B$23:$B$150,0),1),"") -> 0 | E30: =IFERROR(INDEX(ROSTER!$AL$23:$AL$211,MATCH('2'!$B30,ROSTER!$B$23:$B$150,0),1),"") -> 0 | F30: TRỰC VS | H30: =IF(I30="","",ROW(A23)) | I30: {=IFERROR(INDEX(ROSTER!$B$24:$B$150,MATCH(1,INDEX(($I$7=ROSTER!E$24:E$150)*(COUNTIFS(I$7:I29,ROSTER!$B$24:$B$150)=0),0,1),0),1),"")} | J30: =IFERROR(INDEX(ROSTER!$C$24:$C$227,MATCH('2'!$I30,ROSTER!$B$24:$B$150,0),1),"") | K30: =IFERROR(INDEX(ROSTER!$AK$23:$AK$211,MATCH('2'!$I30,ROSTER!$B$23:$B$150,0),1),"") | L30: =IFERROR(INDEX(ROSTER!$AL$23:$AL$211,MATCH('2'!$I30,ROSTER!$B$23:$B$150,0),1),"")
A31: =IF(B31="","",ROW(A6)) | B31: {=IFERROR(INDEX(ROSTER!$B$24:$B$150,MATCH(1,INDEX(($B$25=ROSTER!E$24:E$150)*(COUNTIFS(B$7:B30,ROSTER!$B$24:$B$150)=0),0,1),0),1),"")} | C31: =IFERROR(INDEX(ROSTER!$C$24:$C$227,MATCH('2'!$B31,ROSTER!$B$24:$B$150,0),1),"") | D31: =IFERROR(INDEX(ROSTER!$AK$23:$AK$211,MATCH('2'!$B31,ROSTER!$B$23:$B$150,0),1),"") | E31: =IFERROR(INDEX(ROSTER!$AL$23:$AL$211,MATCH('2'!$B31,ROSTER!$B$23:$B$150,0),1),"") | H31: =IF(I31="","",ROW(A24)) | I31: {=IFERROR(INDEX(ROSTER!$B$24:$B$150,MATCH(1,INDEX(($I$7=ROSTER!E$24:E$150)*(COUNTIFS(I$7:I30,ROSTER!$B$24:$B$150)=0),0,1),0),1),"")} | J31: =IFERROR(INDEX(ROSTER!$C$24:$C$227,MATCH('2'!$I31,ROSTER!$B$24:$B$150,0),1),"") | K31: =IFERROR(INDEX(ROSTER!$AK$23:$AK$211,MATCH('2'!$I31,ROSTER!$B$23:$B$150,0),1),"") | L31: =IFERROR(INDEX(ROSTER!$AL$23:$AL$211,MATCH('2'!$I31,ROSTER!$B$23:$B$150,0),1),"") | M31: TRỰC VS
A32: =IF(B32="","",ROW(A7)) | B32: {=IFERROR(INDEX(ROSTER!$B$24:$B$150,MATCH(1,INDEX(($B$25=ROSTER!E$24:E$150)*(COUNTIFS(B$7:B31,ROSTER!$B$24:$B$150)=0),0,1),0),1),"")} | C32: =IFERROR(INDEX(ROSTER!$C$24:$C$227,MATCH('2'!$B32,ROSTER!$B$24:$B$150,0),1),"") | D32: =IFERROR(INDEX(ROSTER!$AK$23:$AK$211,MATCH('2'!$B32,ROSTER!$B$23:$B$150,0),1),"") | E32: =IFERROR(INDEX(ROSTER!$AL$23:$AL$211,MATCH('2'!$B32,ROSTER!$B$23:$B$150,0),1),"") | H32: =IF(I32="","",ROW(A25)) | I32: {=IFERROR(INDEX(ROSTER!$B$24:$B$150,MATCH(1,INDEX(($I$7=ROSTER!E$24:E$150)*(COUNTIFS(I$7:I31,ROSTER!$B$24:$B$150)=0),0,1),0),1),"")} | J32: =IFERROR(INDEX(ROSTER!$C$24:$C$227,MATCH('2'!$I32,ROSTER!$B$24:$B$150,0),1),"") | K32: =IFERROR(INDEX(ROSTER!$AK$23:$AK$211,MATCH('2'!$I32,ROSTER!$B$23:$B$150,0),1),"") | L32: =IFERROR(INDEX(ROSTER!$AL$23:$AL$211,MATCH('2'!$I32,ROSTER!$B$23:$B$150,0),1),"")
A33: =IF(B33="","",ROW(A8)) | B33: {=IFERROR(INDEX(ROSTER!$B$24:$B$150,MATCH(1,INDEX(($B$25=ROSTER!E$24:E$150)*(COUNTIFS(B$7:B32,ROSTER!$B$24:$B$150)=0),0,1),0),1),"")} | C33: =IFERROR(INDEX(ROSTER!$C$24:$C$227,MATCH('2'!$B33,ROSTER!$B$24:$B$150,0),1),"") | D33: =IFERROR(INDEX(ROSTER!$AK$23:$AK$211,MATCH('2'!$B33,ROSTER!$B$23:$B$150,0),1),"") | E33: =IFERROR(INDEX(ROSTER!$AL$23:$AL$211,MATCH('2'!$B33,ROSTER!$B$23:$B$150,0),1),"") | I33: =$B$3&"-567@14h" -> A869-567@14h | K33: =IFERROR(INDEX(ROSTER!$AK$23:$AK$211,MATCH('2'!$I33,ROSTER!$B$23:$B$150,0),1),"") | L33: =IFERROR(INDEX(ROSTER!$AL$23:$AL$211,MATCH('2'!$I33,ROSTER!$B$23:$B$150,0),1),"")
A34: =IF(B34="","",ROW(A9)) | B34: {=IFERROR(INDEX(ROSTER!$B$24:$B$150,MATCH(1,INDEX(($B$25=ROSTER!E$24:E$150)*(COUNTIFS(B$7:B33,ROSTER!$B$24:$B$150)=0),0,1),0),1),"")} | C34: =IFERROR(INDEX(ROSTER!$C$24:$C$227,MATCH('2'!$B34,ROSTER!$B$24:$B$150,0),1),"") | D34: =IFERROR(INDEX(ROSTER!$AK$23:$AK$211,MATCH('2'!$B34,ROSTER!$B$23:$B$150,0),1),"") | E34: =IFERROR(INDEX(ROSTER!$AL$23:$AL$211,MATCH('2'!$B34,ROSTER!$B$23:$B$150,0),1),"") | H34: =IF(I34="","",ROW(A1)) | I34: {=IFERROR(INDEX(ROSTER!$B$24:$B$150,MATCH(1,INDEX(($I$33=ROSTER!E$24:E$150)*(COUNTIFS(I$7:I33,ROSTER!$B$24:$B$150)=0),0,1),0),1),"")} | J34: =IFERROR(INDEX(ROSTER!$C$24:$C$227,MATCH('2'!$I34,ROSTER!$B$24:$B$150,0),1),"") | K34: =IFERROR(INDEX(ROSTER!$AK$23:$AK$211,MATCH('2'!$I34,ROSTER!$B$23:$B$150,0),1),"") | L34: =IFERROR(INDEX(ROSTER!$AL$23:$AL$211,MATCH('2'!$I34,ROSTER!$B$23:$B$150,0),1),"") | M34: SAG
A35: =IF(B35="","",ROW(A17)) | B35: {=IFERROR(INDEX(ROSTER!$B$24:$B$150,MATCH(1,INDEX(($B$25=ROSTER!E$24:E$150)*(COUNTIFS(B$7:B34,ROSTER!$B$24:$B$150)=0),0,1),0),1),"")} | C35: =IFERROR(INDEX(ROSTER!$C$24:$C$227,MATCH('2'!$B35,ROSTER!$B$24:$B$150,0),1),"") | D35: =IFERROR(INDEX(ROSTER!$AK$23:$AK$211,MATCH('2'!$B35,ROSTER!$B$23:$B$150,0),1),"") | E35: =IFERROR(INDEX(ROSTER!$AL$23:$AL$211,MATCH('2'!$B35,ROSTER!$B$23:$B$150,0),1),"") | H35: =IF(I35="","",ROW(A2)) | I35: {=IFERROR(INDEX(ROSTER!$B$24:$B$150,MATCH(1,INDEX(($I$33=ROSTER!E$24:E$150)*(COUNTIFS(I$7:I34,ROSTER!$B$24:$B$150)=0),0,1),0),1),"")} | J35: =IFERROR(INDEX(ROSTER!$C$24:$C$227,MATCH('2'!$I35,ROSTER!$B$24:$B$150,0),1),"") | K35: =IFERROR(INDEX(ROSTER!$AK$23:$AK$211,MATCH('2'!$I35,ROSTER!$B$23:$B$150,0),1),"") | L35: =IFERROR(INDEX(ROSTER!$AL$23:$AL$211,MATCH('2'!$I35,ROSTER!$B$23:$B$150,0),1),"") | M35: LEADER/GSGT
A36: =IF(B36="","",ROW(A18)) | B36: {=IFERROR(INDEX(ROSTER!$B$24:$B$150,MATCH(1,INDEX(($B$25=ROSTER!E$24:E$150)*(COUNTIFS(B$7:B35,ROSTER!$B$24:$B$150)=0),0,1),0),1),"")} | C36: =IFERROR(INDEX(ROSTER!$C$24:$C$227,MATCH('2'!$B36,ROSTER!$B$24:$B$150,0),1),"") | D36: =IFERROR(INDEX(ROSTER!$AK$23:$AK$211,MATCH('2'!$B36,ROSTER!$B$23:$B$150,0),1),"") | E36: =IFERROR(INDEX(ROSTER!$AL$23:$AL$211,MATCH('2'!$B36,ROSTER!$B$23:$B$150,0),1),"") | H36: =IF(I36="","",ROW(A3)) | I36: {=IFERROR(INDEX(ROSTER!$B$24:$B$150,MATCH(1,INDEX(($I$33=ROSTER!E$24:E$150)*(COUNTIFS(I$7:I35,ROSTER!$B$24:$B$150)=0),0,1),0),1),"")} | J36: =IFERROR(INDEX(ROSTER!$C$24:$C$227,MATCH('2'!$I36,ROSTER!$B$24:$B$150,0),1),"") | K36: =IFERROR(INDEX(ROSTER!$AK$23:$AK$211,MATCH('2'!$I36,ROSTER!$B$23:$B$150,0),1),"") | L36: =IFERROR(INDEX(ROSTER!$AL$23:$AL$211,MATCH('2'!$I36,ROSTER!$B$23:$B$150,0),1),"")
A37: =IF(B37="","",ROW(#REF!)) | B37: {=IFERROR(INDEX(ROSTER!$B$24:$B$150,MATCH(1,INDEX(($B$25=ROSTER!E$24:E$150)*(COUNTIFS(B$7:B36,ROSTER!$B$24:$B$150)=0),0,1),0),1),"")} | C37: =IFERROR(INDEX(ROSTER!$C$24:$C$227,MATCH('2'!$B37,ROSTER!$B$24:$B$150,0),1),"") | D37: =IFERROR(INDEX(ROSTER!$AK$23:$AK$211,MATCH('2'!$B37,ROSTER!$B$23:$B$150,0),1),"") | E37: =IFERROR(INDEX(ROSTER!$AL$23:$AL$211,MATCH('2'!$B37,ROSTER!$B$23:$B$150,0),1),"") | H37: =IF(I37="","",ROW(A4)) | I37: {=IFERROR(INDEX(ROSTER!$B$24:$B$150,MATCH(1,INDEX(($I$33=ROSTER!E$24:E$150)*(COUNTIFS(I$7:I36,ROSTER!$B$24:$B$150)=0),0,1),0),1),"")} | J37: =IFERROR(INDEX(ROSTER!$C$24:$C$227,MATCH('2'!$I37,ROSTER!$B$24:$B$150,0),1),"") | K37: =IFERROR(INDEX(ROSTER!$AK$23:$AK$211,MATCH('2'!$I37,ROSTER!$B$23:$B$150,0),1),"") | L37: =IFERROR(INDEX(ROSTER!$AL$23:$AL$211,MATCH('2'!$I37,ROSTER!$B$23:$B$150,0),1),"")
H38: =IF(I38="","",ROW(A5)) | I38: {=IFERROR(INDEX(ROSTER!$B$24:$B$150,MATCH(1,INDEX(($I$33=ROSTER!E$24:E$150)*(COUNTIFS(I$7:I37,ROSTER!$B$24:$B$150)=0),0,1),0),1),"")} | J38: =IFERROR(INDEX(ROSTER!$C$24:$C$227,MATCH('2'!$I38,ROSTER!$B$24:$B$150,0),1),"") | K38: =IFERROR(INDEX(ROSTER!$AK$23:$AK$211,MATCH('2'!$I38,ROSTER!$B$23:$B$150,0),1),"") | L38: =IFERROR(INDEX(ROSTER!$AL$23:$AL$211,MATCH('2'!$I38,ROSTER!$B$23:$B$150,0),1),"")
H39: =IF(I39="","",ROW(A6)) | I39: {=IFERROR(INDEX(ROSTER!$B$24:$B$150,MATCH(1,INDEX(($I$33=ROSTER!E$24:E$150)*(COUNTIFS(I$7:I38,ROSTER!$B$24:$B$150)=0),0,1),0),1),"")} | J39: =IFERROR(INDEX(ROSTER!$C$24:$C$227,MATCH('2'!$I39,ROSTER!$B$24:$B$150,0),1),"") | K39: =IFERROR(INDEX(ROSTER!$AK$23:$AK$211,MATCH('2'!$I39,ROSTER!$B$23:$B$150,0),1),"") | L39: =IFERROR(INDEX(ROSTER!$AL$23:$AL$211,MATCH('2'!$I39,ROSTER!$B$23:$B$150,0),1),"") | O39: Tool Ts5
H40: =IF(I40="","",ROW(A7)) | I40: {=IFERROR(INDEX(ROSTER!$B$24:$B$150,MATCH(1,INDEX(($I$33=ROSTER!E$24:E$150)*(COUNTIFS(I$7:I39,ROSTER!$B$24:$B$150)=0),0,1),0),1),"")} | J40: =IFERROR(INDEX(ROSTER!$C$24:$C$227,MATCH('2'!$I40,ROSTER!$B$24:$B$150,0),1),"") | K40: =IFERROR(INDEX(ROSTER!$AK$23:$AK$211,MATCH('2'!$I40,ROSTER!$B$23:$B$150,0),1),"") | L40: =IFERROR(INDEX(ROSTER!$AL$23:$AL$211,MATCH('2'!$I40,ROSTER!$B$23:$B$150,0),1),"") | M40: TRỰC VS
H41: =IF(I41="","",ROW(A8)) | I41: {=IFERROR(INDEX(ROSTER!$B$24:$B$150,MATCH(1,INDEX(($I$33=ROSTER!E$24:E$150)*(COUNTIFS(I$7:I40,ROSTER!$B$24:$B$150)=0),0,1),0),1),"")} | J41: =IFERROR(INDEX(ROSTER!$C$24:$C$227,MATCH('2'!$I41,ROSTER!$B$24:$B$150,0),1),"") | K41: =IFERROR(INDEX(ROSTER!$AK$23:$AK$211,MATCH('2'!$I41,ROSTER!$B$23:$B$150,0),1),"") | L41: =IFERROR(INDEX(ROSTER!$AL$23:$AL$211,MATCH('2'!$I41,ROSTER!$B$23:$B$150,0),1),"")
H42: =IF(I42="","",ROW(A9)) | I42: {=IFERROR(INDEX(ROSTER!$B$24:$B$150,MATCH(1,INDEX(($I$33=ROSTER!E$24:E$150)*(COUNTIFS(I$7:I41,ROSTER!$B$24:$B$150)=0),0,1),0),1),"")} | J42: =IFERROR(INDEX(ROSTER!$C$24:$C$227,MATCH('2'!$I42,ROSTER!$B$24:$B$150,0),1),"") | K42: =IFERROR(INDEX(ROSTER!$AK$23:$AK$211,MATCH('2'!$I42,ROSTER!$B$23:$B$150,0),1),"") | L42: =IFERROR(INDEX(ROSTER!$AL$23:$AL$211,MATCH('2'!$I42,ROSTER!$B$23:$B$150,0),1),"") | M42: Tool local/TS5
H43: =IF(I43="","",ROW(A17)) | I43: {=IFERROR(INDEX(ROSTER!$B$24:$B$150,MATCH(1,INDEX(($I$33=ROSTER!E$24:E$150)*(COUNTIFS(I$7:I42,ROSTER!$B$24:$B$150)=0),0,1),0),1),"")} | J43: =IFERROR(INDEX(ROSTER!$C$24:$C$227,MATCH('2'!$I43,ROSTER!$B$24:$B$150,0),1),"") | K43: =IFERROR(INDEX(ROSTER!$AK$23:$AK$211,MATCH('2'!$I43,ROSTER!$B$23:$B$150,0),1),"") | L43: =IFERROR(INDEX(ROSTER!$AL$23:$AL$211,MATCH('2'!$I43,ROSTER!$B$23:$B$150,0),1),"")
I44: HOC ATLĐ | K44: =IFERROR(INDEX(ROSTER!$AK$23:$AK$211,MATCH('2'!$I44,ROSTER!$B$23:$B$150,0),1),"") | L44: =IFERROR(INDEX(ROSTER!$AL$23:$AL$211,MATCH('2'!$I44,ROSTER!$B$23:$B$150,0),1),"")
H45: 1 | I45: Đào Việt Hải | J45: VAE00708 | K45: =IFERROR(INDEX(ROSTER!$AK$23:$AK$211,MATCH('2'!$I45,ROSTER!$B$23:$B$150,0),1),"") -> B1 787 | L45: =IFERROR(INDEX(ROSTER!$AL$23:$AL$211,MATCH('2'!$I45,ROSTER!$B$23:$B$150,0),1),"") -> 0908630644
H46: 2 | I46: Đặng Quốc Tú | J46: VAE00733 | K46: =IFERROR(INDEX(ROSTER!$AK$23:$AK$211,MATCH('2'!$I46,ROSTER!$B$23:$B$150,0),1),"") -> QM 787 | L46: =IFERROR(INDEX(ROSTER!$AL$23:$AL$211,MATCH('2'!$I46,ROSTER!$B$23:$B$150,0),1),"") -> 0988110968
H47: 3 | I47: Cù Anh Tư | J47: VAE03095 | K47: =IFERROR(INDEX(ROSTER!$AK$23:$AK$211,MATCH('2'!$I47,ROSTER!$B$23:$B$150,0),1),"") -> QM EA | L47: =IFERROR(INDEX(ROSTER!$AL$23:$AL$211,MATCH('2'!$I47,ROSTER!$B$23:$B$150,0),1),"") -> 0984208181
H48: =IF(I48="","",ROW(#REF!)) | I48: {=IFERROR(INDEX(ROSTER!$B$24:$B$150,MATCH(1,INDEX(($I$33=ROSTER!E$24:E$150)*(COUNTIFS(I$7:I47,ROSTER!$B$24:$B$150)=0),0,1),0),1),"")} | J48: =IFERROR(INDEX(ROSTER!$C$24:$C$227,MATCH('2'!$I48,ROSTER!$B$24:$B$150,0),1),"") | K48: =IFERROR(INDEX(ROSTER!$AK$23:$AK$211,MATCH('2'!$I48,ROSTER!$B$23:$B$150,0),1),"") | L48: =IFERROR(INDEX(ROSTER!$AL$23:$AL$211,MATCH('2'!$I48,ROSTER!$B$23:$B$150,0),1),"")

Sheet 3 (2)
A1: HCM BASE MAINTENANCE CENTER | F1: CLICK ON A/C TO RETURN ROSTER | L1: BS-F 34
A2: DAILY MAINTENANCE DISTRIBUTION
A3: A/C: | B3: HL8082 | E3: =ROSTER!F24 -> 46145 | I3: SHIFT: | J3: 1
B4: FOREMAN: | C4: =INDEX(ROSTER!$B$25:$B$150,MATCH("*FM1*",ROSTER!F$25:F$227,0),1) -> Hà Quang Vinh | D4: PHONE: | E4: =INDEX(ROSTER!$AL$25:$AL$211,MATCH('3 (2)'!C4,ROSTER!$B$25:$B$150,0),1) -> 0904298289 | I4: TECH SUPPORT | J4: =INDEX(ROSTER!$B$25:$B$150,MATCH("*TECH*",ROSTER!F$25:F$227,0),1) -> Huỳnh Tố Như | K4: PHONE: | L4: =INDEX(ROSTER!$AL$25:$AL$211,MATCH('3 (2)'!J4,ROSTER!$B$25:$B$150,0),1) -> 0702785789
B5: CRS C | C5: =INDEX(ROSTER!$B$25:$B$150,MATCH("*QC*",ROSTER!F$25:F$227,0),1) -> Trần Phương | D5: PHONE: | E5: =INDEX(ROSTER!$AL$25:$AL$211,MATCH('3 (2)'!C5,ROSTER!$B$25:$B$150,0),1) -> 84986222241 | I5: DOCK PLANNER: | J5: =INDEX(ROSTER!$B$25:$B$150,MATCH("*PPC*",ROSTER!F$25:F$227,0),1) -> Trần Hoàng Nhung | K5: PHONE: | L5: =INDEX(ROSTER!$AL$25:$AL$211,MATCH('3 (2)'!J5,ROSTER!$B$25:$B$150,0),1) -> 0906852989
A6: ORD | B6: NAME AND SURNAME | C6: VAECO ID | D6: POSITION | E6: PHONE | F6: REMARK | H6: ORD | I6: NAME AND SURNAME | J6: VAECO ID | K6: POSITION | L6: PHONE | M6: REMARK | O6: Trực VS
B7: =$B$3&"-ALL" -> HL8082-ALL | I7: =$B$3&"-EC@16H" -> HL8082-EC@16H | O7: Leader/GSGT
A8: =IF(B8="","",ROW(A1)) -> 1 | B8: =IFERROR(INDEX(ROSTER!$B$24:$B$150,MATCH(1,INDEX(($B$7=ROSTER!F$24:F$150)*(COUNTIFS(B$7:B7,ROSTER!$B$24:$B$150)=0),0,1),0),1),"") -> Lê Thanh Hải | C8: =IFERROR(INDEX(ROSTER!$C$24:$C$150,MATCH('3 (2)'!$B8,ROSTER!$B$24:$B$150,0),1),"") -> VAE02718 | D8: =IFERROR(INDEX(ROSTER!$AK$23:$AK$211,MATCH('3 (2)'!$B8,ROSTER!$B$23:$B$150,0),1),"") -> B1 B787/A321 | E8: =IFERROR(INDEX(ROSTER!$AL$23:$AL$211,MATCH('3 (2)'!$B8,ROSTER!$B$23:$B$150,0),1),"") -> 0979690783 | F8: SAG | H8: =IF(I8="","",ROW(A1)) | I8: {=IFERROR(INDEX(ROSTER!$B$24:$B$150,MATCH(1,INDEX(($I$7=ROSTER!F$24:F$227)*(COUNTIFS(I$7:I7,ROSTER!$B$24:$B$150)=0),0,1),0),1),"")} | J8: =IFERROR(INDEX(ROSTER!$C$24:$C$227,MATCH('3 (2)'!$I8,ROSTER!$B$24:$B$150,0),1),"") | K8: =IFERROR(INDEX(ROSTER!$AK$23:$AK$211,MATCH('3 (2)'!$I8,ROSTER!$B$23:$B$150,0),1),"") | L8: =IFERROR(INDEX(ROSTER!$AL$23:$AL$211,MATCH('3 (2)'!$I8,ROSTER!$B$23:$B$150,0),1),"") | O8: PI/Leader/GSGT
A9: =IF(B9="","",ROW(A2)) -> 2 | B9: {=IFERROR(INDEX(ROSTER!$B$24:$B$150,MATCH(1,INDEX(($B$7=ROSTER!F$24:F$150)*(COUNTIFS(B$7:B8,ROSTER!$B$24:$B$150)=0),0,1),0),1),"")} -> Nguyễn Văn Quyền | C9: =IFERROR(INDEX(ROSTER!$C$24:$C$150,MATCH('3 (2)'!$B9,ROSTER!$B$24:$B$150,0),1),"") -> VAE03234 | D9: =IFERROR(INDEX(ROSTER!$AK$23:$AK$211,MATCH('3 (2)'!$B9,ROSTER!$B$23:$B$150,0),1),"") -> B1 B787/A321 | E9: =IFERROR(INDEX(ROSTER!$AL$23:$AL$211,MATCH('3 (2)'!$B9,ROSTER!$B$23:$B$150,0),1),"") -> 0902164495 | F9: Leader/GSGT/SAG | H9: =IF(I9="","",ROW(A2)) | I9: {=IFERROR(INDEX(ROSTER!$B$24:$B$150,MATCH(1,INDEX(($I$7=ROSTER!F$24:F$227)*(COUNTIFS(I$7:I8,ROSTER!$B$24:$B$150)=0),0,1),0),1),"")} | J9: =IFERROR(INDEX(ROSTER!$C$24:$C$227,MATCH('3 (2)'!$I9,ROSTER!$B$24:$B$150,0),1),"") | K9: =IFERROR(INDEX(ROSTER!$AK$23:$AK$211,MATCH('3 (2)'!$I9,ROSTER!$B$23:$B$150,0),1),"") | L9: =IFERROR(INDEX(ROSTER!$AL$23:$AL$211,MATCH('3 (2)'!$I9,ROSTER!$B$23:$B$150,0),1),"")
A10: =IF(B10="","",ROW(A3)) -> 3 | B10: {=IFERROR(INDEX(ROSTER!$B$24:$B$150,MATCH(1,INDEX(($B$7=ROSTER!F$24:F$150)*(COUNTIFS(B$7:B9,ROSTER!$B$24:$B$150)=0),0,1),0),1),"")} -> Lê Hà Vinh | C10: =IFERROR(INDEX(ROSTER!$C$24:$C$150,MATCH('3 (2)'!$B10,ROSTER!$B$24:$B$150,0),1),"") -> VAE03603 | D10: =IFERROR(INDEX(ROSTER!$AK$23:$AK$211,MATCH('3 (2)'!$B10,ROSTER!$B$23:$B$150,0),1),"") -> QM PP | E10: =IFERROR(INDEX(ROSTER!$AL$23:$AL$211,MATCH('3 (2)'!$B10,ROSTER!$B$23:$B$150,0),1),"") -> 0963322827 | H10: =IF(I10="","",ROW(A3)) | I10: {=IFERROR(INDEX(ROSTER!$B$24:$B$150,MATCH(1,INDEX(($I$7=ROSTER!F$24:F$227)*(COUNTIFS(I$7:I9,ROSTER!$B$24:$B$150)=0),0,1),0),1),"")} | J10: =IFERROR(INDEX(ROSTER!$C$24:$C$227,MATCH('3 (2)'!$I10,ROSTER!$B$24:$B$150,0),1),"") | K10: =IFERROR(INDEX(ROSTER!$AK$23:$AK$211,MATCH('3 (2)'!$I10,ROSTER!$B$23:$B$150,0),1),"") | L10: =IFERROR(INDEX(ROSTER!$AL$23:$AL$211,MATCH('3 (2)'!$I10,ROSTER!$B$23:$B$150,0),1),"")
A11: =IF(B11="","",ROW(A4)) -> 4 | B11: {=IFERROR(INDEX(ROSTER!$B$24:$B$150,MATCH(1,INDEX(($B$7=ROSTER!F$24:F$150)*(COUNTIFS(B$7:B10,ROSTER!$B$24:$B$150)=0),0,1),0),1),"")} -> Nguyễn Mạnh Phố | C11: =IFERROR(INDEX(ROSTER!$C$24:$C$150,MATCH('3 (2)'!$B11,ROSTER!$B$24:$B$150,0),1),"") -> VAE03605 | D11: =IFERROR(INDEX(ROSTER!$AK$23:$AK$211,MATCH('3 (2)'!$B11,ROSTER!$B$23:$B$150,0),1),"") -> QM AF | E11: =IFERROR(INDEX(ROSTER!$AL$23:$AL$211,MATCH('3 (2)'!$B11,ROSTER!$B$23:$B$150,0),1),"") -> 0829109358 | F11: Trực VS | H11: =IF(I11="","",ROW(A4)) | I11: {=IFERROR(INDEX(ROSTER!$B$24:$B$150,MATCH(1,INDEX(($I$7=ROSTER!F$24:F$227)*(COUNTIFS(I$7:I10,ROSTER!$B$24:$B$150)=0),0,1),0),1),"")} | J11: =IFERROR(INDEX(ROSTER!$C$24:$C$227,MATCH('3 (2)'!$I11,ROSTER!$B$24:$B$150,0),1),"") | K11: =IFERROR(INDEX(ROSTER!$AK$23:$AK$211,MATCH('3 (2)'!$I11,ROSTER!$B$23:$B$150,0),1),"") | L11: =IFERROR(INDEX(ROSTER!$AL$23:$AL$211,MATCH('3 (2)'!$I11,ROSTER!$B$23:$B$150,0),1),"")
A12: =IF(B12="","",ROW(A5)) -> 5 | B12: {=IFERROR(INDEX(ROSTER!$B$24:$B$150,MATCH(1,INDEX(($B$7=ROSTER!F$24:F$150)*(COUNTIFS(B$7:B11,ROSTER!$B$24:$B$150)=0),0,1),0),1),"")} -> Nguyễn An Bình | C12: =IFERROR(INDEX(ROSTER!$C$24:$C$150,MATCH('3 (2)'!$B12,ROSTER!$B$24:$B$150,0),1),"") -> VAE04051 | D12: =IFERROR(INDEX(ROSTER!$AK$23:$AK$211,MATCH('3 (2)'!$B12,ROSTER!$B$23:$B$150,0),1),"") -> MECH | E12: =IFERROR(INDEX(ROSTER!$AL$23:$AL$211,MATCH('3 (2)'!$B12,ROSTER!$B$23:$B$150,0),1),"") -> 0852188678 | F12: Tool local/TS5 | H12: =IF(I12="","",ROW(A5)) | I12: {=IFERROR(INDEX(ROSTER!$B$24:$B$150,MATCH(1,INDEX(($I$7=ROSTER!F$24:F$227)*(COUNTIFS(I$7:I11,ROSTER!$B$24:$B$150)=0),0,1),0),1),"")} | J12: =IFERROR(INDEX(ROSTER!$C$24:$C$227,MATCH('3 (2)'!$I12,ROSTER!$B$24:$B$150,0),1),"") | K12: =IFERROR(INDEX(ROSTER!$AK$23:$AK$211,MATCH('3 (2)'!$I12,ROSTER!$B$23:$B$150,0),1),"") | L12: =IFERROR(INDEX(ROSTER!$AL$23:$AL$211,MATCH('3 (2)'!$I12,ROSTER!$B$23:$B$150,0),1),"")
A13: =IF(B13="","",ROW(A6)) -> 6 | B13: {=IFERROR(INDEX(ROSTER!$B$24:$B$150,MATCH(1,INDEX(($B$7=ROSTER!F$24:F$150)*(COUNTIFS(B$7:B12,ROSTER!$B$24:$B$150)=0),0,1),0),1),"")} -> Trần Thành Danh | C13: =IFERROR(INDEX(ROSTER!$C$24:$C$150,MATCH('3 (2)'!$B13,ROSTER!$B$24:$B$150,0),1),"") -> VAE04207 | D13: =IFERROR(INDEX(ROSTER!$AK$23:$AK$211,MATCH('3 (2)'!$B13,ROSTER!$B$23:$B$150,0),1),"") -> 0 | E13: =IFERROR(INDEX(ROSTER!$AL$23:$AL$211,MATCH('3 (2)'!$B13,ROSTER!$B$23:$B$150,0),1),"") -> 0 | F13: Tool local/TS5 | H13: =IF(I13="","",ROW(A6)) | I13: {=IFERROR(INDEX(ROSTER!$B$24:$B$150,MATCH(1,INDEX(($I$7=ROSTER!F$24:F$227)*(COUNTIFS(I$7:I12,ROSTER!$B$24:$B$150)=0),0,1),0),1),"")} | J13: =IFERROR(INDEX(ROSTER!$C$24:$C$227,MATCH('3 (2)'!$I13,ROSTER!$B$24:$B$150,0),1),"") | K13: =IFERROR(INDEX(ROSTER!$AK$23:$AK$211,MATCH('3 (2)'!$I13,ROSTER!$B$23:$B$150,0),1),"") | L13: =IFERROR(INDEX(ROSTER!$AL$23:$AL$211,MATCH('3 (2)'!$I13,ROSTER!$B$23:$B$150,0),1),"")
A14: =IF(B14="","",ROW(A7)) -> 7 | B14: {=IFERROR(INDEX(ROSTER!$B$24:$B$150,MATCH(1,INDEX(($B$7=ROSTER!F$24:F$150)*(COUNTIFS(B$7:B13,ROSTER!$B$24:$B$150)=0),0,1),0),1),"")} -> Phan Tuấn Tú | C14: =IFERROR(INDEX(ROSTER!$C$24:$C$150,MATCH('3 (2)'!$B14,ROSTER!$B$24:$B$150,0),1),"") -> VAE03079 | D14: =IFERROR(INDEX(ROSTER!$AK$23:$AK$211,MATCH('3 (2)'!$B14,ROSTER!$B$23:$B$150,0),1),"") -> 0 | E14: =IFERROR(INDEX(ROSTER!$AL$23:$AL$211,MATCH('3 (2)'!$B14,ROSTER!$B$23:$B$150,0),1),"") -> 0 | F14: Trực VS | H14: =IF(I14="","",ROW(A7)) | I14: {=IFERROR(INDEX(ROSTER!$B$24:$B$150,MATCH(1,INDEX(($I$7=ROSTER!F$24:F$227)*(COUNTIFS(I$7:I13,ROSTER!$B$24:$B$150)=0),0,1),0),1),"")} | J14: =IFERROR(INDEX(ROSTER!$C$24:$C$227,MATCH('3 (2)'!$I14,ROSTER!$B$24:$B$150,0),1),"") | K14: =IFERROR(INDEX(ROSTER!$AK$23:$AK$211,MATCH('3 (2)'!$I14,ROSTER!$B$23:$B$150,0),1),"") | L14: =IFERROR(INDEX(ROSTER!$AL$23:$AL$211,MATCH('3 (2)'!$I14,ROSTER!$B$23:$B$150,0),1),"")
A15: =IF(B15="","",ROW(A8)) -> 8 | B15: {=IFERROR(INDEX(ROSTER!$B$24:$B$150,MATCH(1,INDEX(($B$7=ROSTER!F$24:F$150)*(COUNTIFS(B$7:B14,ROSTER!$B$24:$B$150)=0),0,1),0),1),"")} -> Thái Quang Anh | C15: =IFERROR(INDEX(ROSTER!$C$24:$C$150,MATCH('3 (2)'!$B15,ROSTER!$B$24:$B$150,0),1),"") -> VAE04252 | D15: =IFERROR(INDEX(ROSTER!$AK$23:$AK$211,MATCH('3 (2)'!$B15,ROSTER!$B$23:$B$150,0),1),"") -> 0 | E15: =IFERROR(INDEX(ROSTER!$AL$23:$AL$211,MATCH('3 (2)'!$B15,ROSTER!$B$23:$B$150,0),1),"") -> 0 | F15: Trực VS | H15: =IF(I15="","",ROW(A8)) | I15: {=IFERROR(INDEX(ROSTER!$B$24:$B$150,MATCH(1,INDEX(($I$7=ROSTER!F$24:F$227)*(COUNTIFS(I$7:I14,ROSTER!$B$24:$B$150)=0),0,1),0),1),"")} | J15: =IFERROR(INDEX(ROSTER!$C$24:$C$227,MATCH('3 (2)'!$I15,ROSTER!$B$24:$B$150,0),1),"") | K15: =IFERROR(INDEX(ROSTER!$AK$23:$AK$211,MATCH('3 (2)'!$I15,ROSTER!$B$23:$B$150,0),1),"") | L15: =IFERROR(INDEX(ROSTER!$AL$23:$AL$211,MATCH('3 (2)'!$I15,ROSTER!$B$23:$B$150,0),1),"")
A16: =IF(B16="","",ROW(A9)) | B16: {=IFERROR(INDEX(ROSTER!$B$24:$B$150,MATCH(1,INDEX(($B$7=ROSTER!F$24:F$150)*(COUNTIFS(B$7:B15,ROSTER!$B$24:$B$150)=0),0,1),0),1),"")} | C16: =IFERROR(INDEX(ROSTER!$C$24:$C$150,MATCH('3 (2)'!$B16,ROSTER!$B$24:$B$150,0),1),"") | D16: =IFERROR(INDEX(ROSTER!$AK$23:$AK$211,MATCH('3 (2)'!$B16,ROSTER!$B$23:$B$150,0),1),"") | E16: =IFERROR(INDEX(ROSTER!$AL$23:$AL$211,MATCH('3 (2)'!$B16,ROSTER!$B$23:$B$150,0),1),"") | H16: =IF(I16="","",ROW(A9)) | I16: {=IFERROR(INDEX(ROSTER!$B$24:$B$150,MATCH(1,INDEX(($I$7=ROSTER!F$24:F$227)*(COUNTIFS(I$7:I15,ROSTER!$B$24:$B$150)=0),0,1),0),1),"")} | J16: =IFERROR(INDEX(ROSTER!$C$24:$C$227,MATCH('3 (2)'!$I16,ROSTER!$B$24:$B$150,0),1),"") | K16: =IFERROR(INDEX(ROSTER!$AK$23:$AK$211,MATCH('3 (2)'!$I16,ROSTER!$B$23:$B$150,0),1),"") | L16: =IFERROR(INDEX(ROSTER!$AL$23:$AL$211,MATCH('3 (2)'!$I16,ROSTER!$B$23:$B$150,0),1),"")
A17: =IF(B17="","",ROW(A10)) | B17: {=IFERROR(INDEX(ROSTER!$B$24:$B$150,MATCH(1,INDEX(($B$7=ROSTER!F$24:F$150)*(COUNTIFS(B$7:B16,ROSTER!$B$24:$B$150)=0),0,1),0),1),"")} | C17: =IFERROR(INDEX(ROSTER!$C$24:$C$150,MATCH('3 (2)'!$B17,ROSTER!$B$24:$B$150,0),1),"") | D17: =IFERROR(INDEX(ROSTER!$AK$23:$AK$211,MATCH('3 (2)'!$B17,ROSTER!$B$23:$B$150,0),1),"") | E17: =IFERROR(INDEX(ROSTER!$AL$23:$AL$211,MATCH('3 (2)'!$B17,ROSTER!$B$23:$B$150,0),1),"") | H17: =IF(I17="","",ROW(A10)) | I17: {=IFERROR(INDEX(ROSTER!$B$24:$B$150,MATCH(1,INDEX(($I$7=ROSTER!F$24:F$227)*(COUNTIFS(I$7:I16,ROSTER!$B$24:$B$150)=0),0,1),0),1),"")} | J17: =IFERROR(INDEX(ROSTER!$C$24:$C$227,MATCH('3 (2)'!$I17,ROSTER!$B$24:$B$150,0),1),"") | K17: =IFERROR(INDEX(ROSTER!$AK$23:$AK$211,MATCH('3 (2)'!$I17,ROSTER!$B$23:$B$150,0),1),"") | L17: =IFERROR(INDEX(ROSTER!$AL$23:$AL$211,MATCH('3 (2)'!$I17,ROSTER!$B$23:$B$150,0),1),"")
A18: =IF(B18="","",ROW(A11)) | B18: {=IFERROR(INDEX(ROSTER!$B$24:$B$150,MATCH(1,INDEX(($B$7=ROSTER!F$24:F$150)*(COUNTIFS(B$7:B17,ROSTER!$B$24:$B$150)=0),0,1),0),1),"")} | C18: =IFERROR(INDEX(ROSTER!$C$24:$C$150,MATCH('3 (2)'!$B18,ROSTER!$B$24:$B$150,0),1),"") | D18: =IFERROR(INDEX(ROSTER!$AK$23:$AK$211,MATCH('3 (2)'!$B18,ROSTER!$B$23:$B$150,0),1),"") | E18: =IFERROR(INDEX(ROSTER!$AL$23:$AL$211,MATCH('3 (2)'!$B18,ROSTER!$B$23:$B$150,0),1),"") | H18: =IF(I18="","",ROW(A11)) | I18: {=IFERROR(INDEX(ROSTER!$B$24:$B$150,MATCH(1,INDEX(($I$7=ROSTER!F$24:F$227)*(COUNTIFS(I$7:I17,ROSTER!$B$24:$B$150)=0),0,1),0),1),"")} | J18: =IFERROR(INDEX(ROSTER!$C$24:$C$227,MATCH('3 (2)'!$I18,ROSTER!$B$24:$B$150,0),1),"") | K18: =IFERROR(INDEX(ROSTER!$AK$23:$AK$211,MATCH('3 (2)'!$I18,ROSTER!$B$23:$B$150,0),1),"") | L18: =IFERROR(INDEX(ROSTER!$AL$23:$AL$211,MATCH('3 (2)'!$I18,ROSTER!$B$23:$B$150,0),1),"")
A19: =IF(B19="","",ROW(A12)) | B19: {=IFERROR(INDEX(ROSTER!$B$24:$B$150,MATCH(1,INDEX(($B$7=ROSTER!F$24:F$150)*(COUNTIFS(B$7:B18,ROSTER!$B$24:$B$150)=0),0,1),0),1),"")} | C19: =IFERROR(INDEX(ROSTER!$C$24:$C$150,MATCH('3 (2)'!$B19,ROSTER!$B$24:$B$150,0),1),"") | D19: =IFERROR(INDEX(ROSTER!$AK$23:$AK$211,MATCH('3 (2)'!$B19,ROSTER!$B$23:$B$150,0),1),"") | E19: =IFERROR(INDEX(ROSTER!$AL$23:$AL$211,MATCH('3 (2)'!$B19,ROSTER!$B$23:$B$150,0),1),"") | H19: =IF(I19="","",ROW(A12)) | I19: {=IFERROR(INDEX(ROSTER!$B$24:$B$150,MATCH(1,INDEX(($I$7=ROSTER!F$24:F$227)*(COUNTIFS(I$7:I18,ROSTER!$B$24:$B$150)=0),0,1),0),1),"")} | J19: =IFERROR(INDEX(ROSTER!$C$24:$C$227,MATCH('3 (2)'!$I19,ROSTER!$B$24:$B$150,0),1),"") | K19: =IFERROR(INDEX(ROSTER!$AK$23:$AK$211,MATCH('3 (2)'!$I19,ROSTER!$B$23:$B$150,0),1),"") | L19: =IFERROR(INDEX(ROSTER!$AL$23:$AL$211,MATCH('3 (2)'!$I19,ROSTER!$B$23:$B$150,0),1),"")
A20: =IF(B20="","",ROW(A13)) | B20: {=IFERROR(INDEX(ROSTER!$B$24:$B$150,MATCH(1,INDEX(($B$7=ROSTER!F$24:F$150)*(COUNTIFS(B$7:B19,ROSTER!$B$24:$B$150)=0),0,1),0),1),"")} | C20: =IFERROR(INDEX(ROSTER!$C$24:$C$150,MATCH('3 (2)'!$B20,ROSTER!$B$24:$B$150,0),1),"") | D20: =IFERROR(INDEX(ROSTER!$AK$23:$AK$211,MATCH('3 (2)'!$B20,ROSTER!$B$23:$B$150,0),1),"") | E20: =IFERROR(INDEX(ROSTER!$AL$23:$AL$211,MATCH('3 (2)'!$B20,ROSTER!$B$23:$B$150,0),1),"") | H20: =IF(I20="","",ROW(A13)) | I20: {=IFERROR(INDEX(ROSTER!$B$24:$B$150,MATCH(1,INDEX(($I$7=ROSTER!F$24:F$227)*(COUNTIFS(I$7:I19,ROSTER!$B$24:$B$150)=0),0,1),0),1),"")} | J20: =IFERROR(INDEX(ROSTER!$C$24:$C$227,MATCH('3 (2)'!$I20,ROSTER!$B$24:$B$150,0),1),"") | K20: =IFERROR(INDEX(ROSTER!$AK$23:$AK$211,MATCH('3 (2)'!$I20,ROSTER!$B$23:$B$150,0),1),"") | L20: =IFERROR(INDEX(ROSTER!$AL$23:$AL$211,MATCH('3 (2)'!$I20,ROSTER!$B$23:$B$150,0),1),"")
A21: =IF(B21="","",ROW(A14)) | B21: {=IFERROR(INDEX(ROSTER!$B$24:$B$150,MATCH(1,INDEX(($B$7=ROSTER!F$24:F$150)*(COUNTIFS(B$7:B20,ROSTER!$B$24:$B$150)=0),0,1),0),1),"")} | C21: =IFERROR(INDEX(ROSTER!$C$24:$C$150,MATCH('3 (2)'!$B21,ROSTER!$B$24:$B$150,0),1),"") | D21: =IFERROR(INDEX(ROSTER!$AK$23:$AK$211,MATCH('3 (2)'!$B21,ROSTER!$B$23:$B$150,0),1),"") | E21: =IFERROR(INDEX(ROSTER!$AL$23:$AL$211,MATCH('3 (2)'!$B21,ROSTER!$B$23:$B$150,0),1),"") | H21: =IF(I21="","",ROW(A14)) | I21: {=IFERROR(INDEX(ROSTER!$B$24:$B$150,MATCH(1,INDEX(($I$7=ROSTER!F$24:F$227)*(COUNTIFS(I$7:I20,ROSTER!$B$24:$B$150)=0),0,1),0),1),"")} | J21: =IFERROR(INDEX(ROSTER!$C$24:$C$227,MATCH('3 (2)'!$I21,ROSTER!$B$24:$B$150,0),1),"") | K21: =IFERROR(INDEX(ROSTER!$AK$23:$AK$211,MATCH('3 (2)'!$I21,ROSTER!$B$23:$B$150,0),1),"") | L21: =IFERROR(INDEX(ROSTER!$AL$23:$AL$211,MATCH('3 (2)'!$I21,ROSTER!$B$23:$B$150,0),1),"")
A22: =IF(B22="","",ROW(A15)) | B22: {=IFERROR(INDEX(ROSTER!$B$24:$B$150,MATCH(1,INDEX(($B$7=ROSTER!F$24:F$150)*(COUNTIFS(B$7:B21,ROSTER!$B$24:$B$150)=0),0,1),0),1),"")} | C22: =IFERROR(INDEX(ROSTER!$C$24:$C$150,MATCH('3 (2)'!$B22,ROSTER!$B$24:$B$150,0),1),"") | D22: =IFERROR(INDEX(ROSTER!$AK$23:$AK$211,MATCH('3 (2)'!$B22,ROSTER!$B$23:$B$150,0),1),"") | E22: =IFERROR(INDEX(ROSTER!$AL$23:$AL$211,MATCH('3 (2)'!$B22,ROSTER!$B$23:$B$150,0),1),"") | H22: =IF(I22="","",ROW(A15)) | I22: {=IFERROR(INDEX(ROSTER!$B$24:$B$150,MATCH(1,INDEX(($I$7=ROSTER!F$24:F$227)*(COUNTIFS(I$7:I21,ROSTER!$B$24:$B$150)=0),0,1),0),1),"")} | J22: =IFERROR(INDEX(ROSTER!$C$24:$C$227,MATCH('3 (2)'!$I22,ROSTER!$B$24:$B$150,0),1),"") | K22: =IFERROR(INDEX(ROSTER!$AK$23:$AK$211,MATCH('3 (2)'!$I22,ROSTER!$B$23:$B$150,0),1),"") | L22: =IFERROR(INDEX(ROSTER!$AL$23:$AL$211,MATCH('3 (2)'!$I22,ROSTER!$B$23:$B$150,0),1),"")
A23: =IF(B23="","",ROW(A16)) | B23: {=IFERROR(INDEX(ROSTER!$B$24:$B$150,MATCH(1,INDEX(($B$7=ROSTER!F$24:F$150)*(COUNTIFS(B$7:B22,ROSTER!$B$24:$B$150)=0),0,1),0),1),"")} | C23: =IFERROR(INDEX(ROSTER!$C$24:$C$150,MATCH('3 (2)'!$B23,ROSTER!$B$24:$B$150,0),1),"") | D23: =IFERROR(INDEX(ROSTER!$AK$23:$AK$211,MATCH('3 (2)'!$B23,ROSTER!$B$23:$B$150,0),1),"") | E23: =IFERROR(INDEX(ROSTER!$AL$23:$AL$211,MATCH('3 (2)'!$B23,ROSTER!$B$23:$B$150,0),1),"") | H23: =IF(I23="","",ROW(A16)) | I23: {=IFERROR(INDEX(ROSTER!$B$24:$B$150,MATCH(1,INDEX(($I$7=ROSTER!F$24:F$227)*(COUNTIFS(I$7:I22,ROSTER!$B$24:$B$150)=0),0,1),0),1),"")} | J23: =IFERROR(INDEX(ROSTER!$C$24:$C$227,MATCH('3 (2)'!$I23,ROSTER!$B$24:$B$150,0),1),"") | K23: =IFERROR(INDEX(ROSTER!$AK$23:$AK$211,MATCH('3 (2)'!$I23,ROSTER!$B$23:$B$150,0),1),"") | L23: =IFERROR(INDEX(ROSTER!$AL$23:$AL$211,MATCH('3 (2)'!$I23,ROSTER!$B$23:$B$150,0),1),"")
B24: =$B$3&"-AVI" -> HL8082-AVI | D24: =IFERROR(INDEX(ROSTER!$AK$23:$AK$211,MATCH('3 (2)'!$B24,ROSTER!$B$23:$B$150,0),1),"") | E24: =IFERROR(INDEX(ROSTER!$AL$23:$AL$211,MATCH('3 (2)'!$B24,ROSTER!$B$23:$B$150,0),1),"") | H24: =IF(I24="","",ROW(A17)) | I24: {=IFERROR(INDEX(ROSTER!$B$24:$B$150,MATCH(1,INDEX(($I$7=ROSTER!F$24:F$227)*(COUNTIFS(I$7:I23,ROSTER!$B$24:$B$150)=0),0,1),0),1),"")} | J24: =IFERROR(INDEX(ROSTER!$C$24:$C$227,MATCH('3 (2)'!$I24,ROSTER!$B$24:$B$150,0),1),"") | K24: =IFERROR(INDEX(ROSTER!$AK$23:$AK$211,MATCH('3 (2)'!$I24,ROSTER!$B$23:$B$150,0),1),"") | L24: =IFERROR(INDEX(ROSTER!$AL$23:$AL$211,MATCH('3 (2)'!$I24,ROSTER!$B$23:$B$150,0),1),"")
A25: 1 | B25: {=IFERROR(INDEX(ROSTER!$B$24:$B$150,MATCH(1,INDEX(($B$24=ROSTER!F$24:F$150)*(COUNTIFS(B$7:B24,ROSTER!$B$24:$B$150)=0),0,1),0),1),"")} -> Đinh Vương Anh Thông | C25: =IFERROR(INDEX(ROSTER!$C$24:$C$150,MATCH('3 (2)'!$B25,ROSTER!$B$24:$B$150,0),1),"") -> VAE03590 | D25: =IFERROR(INDEX(ROSTER!$AK$23:$AK$211,MATCH('3 (2)'!$B25,ROSTER!$B$23:$B$150,0),1),"") -> EA 787/321 | E25: =IFERROR(INDEX(ROSTER!$AL$23:$AL$211,MATCH('3 (2)'!$B25,ROSTER!$B$23:$B$150,0),1),"") -> 0943213677 | H25: =IF(I25="","",ROW(A18)) | I25: {=IFERROR(INDEX(ROSTER!$B$24:$B$150,MATCH(1,INDEX(($I$7=ROSTER!F$24:F$227)*(COUNTIFS(I$7:I24,ROSTER!$B$24:$B$150)=0),0,1),0),1),"")} | J25: =IFERROR(INDEX(ROSTER!$C$24:$C$227,MATCH('3 (2)'!$I25,ROSTER!$B$24:$B$150,0),1),"") | K25: =IFERROR(INDEX(ROSTER!$AK$23:$AK$211,MATCH('3 (2)'!$I25,ROSTER!$B$23:$B$150,0),1),"") | L25: =IFERROR(INDEX(ROSTER!$AL$23:$AL$211,MATCH('3 (2)'!$I25,ROSTER!$B$23:$B$150,0),1),"")
A26: 2 | B26: {=IFERROR(INDEX(ROSTER!$B$24:$B$150,MATCH(1,INDEX(($B$24=ROSTER!F$24:F$150)*(COUNTIFS(B$7:B25,ROSTER!$B$24:$B$150)=0),0,1),0),1),"")} -> Nguyễn Minh Đức | C26: =IFERROR(INDEX(ROSTER!$C$24:$C$150,MATCH('3 (2)'!$B26,ROSTER!$B$24:$B$150,0),1),"") -> VAE04018 | D26: =IFERROR(INDEX(ROSTER!$AK$23:$AK$211,MATCH('3 (2)'!$B26,ROSTER!$B$23:$B$150,0),1),"") -> EA 787 | E26: =IFERROR(INDEX(ROSTER!$AL$23:$AL$211,MATCH('3 (2)'!$B26,ROSTER!$B$23:$B$150,0),1),"") -> 0907548998 | F26: Tool local | H26: =IF(I26="","",ROW(A19)) | I26: {=IFERROR(INDEX(ROSTER!$B$24:$B$150,MATCH(1,INDEX(($I$7=ROSTER!F$24:F$227)*(COUNTIFS(I$7:I25,ROSTER!$B$24:$B$150)=0),0,1),0),1),"")} | J26: =IFERROR(INDEX(ROSTER!$C$24:$C$227,MATCH('3 (2)'!$I26,ROSTER!$B$24:$B$150,0),1),"") | K26: =IFERROR(INDEX(ROSTER!$AK$23:$AK$211,MATCH('3 (2)'!$I26,ROSTER!$B$23:$B$150,0),1),"") | L26: =IFERROR(INDEX(ROSTER!$AL$23:$AL$211,MATCH('3 (2)'!$I26,ROSTER!$B$23:$B$150,0),1),"")
A27: 3 | B27: {=IFERROR(INDEX(ROSTER!$B$24:$B$150,MATCH(1,INDEX(($B$24=ROSTER!F$24:F$150)*(COUNTIFS(B$7:B26,ROSTER!$B$24:$B$150)=0),0,1),0),1),"")} -> Nguyễn Hữu Hoàng | C27: =IFERROR(INDEX(ROSTER!$C$24:$C$150,MATCH('3 (2)'!$B27,ROSTER!$B$24:$B$150,0),1),"") -> VAE03618 | D27: =IFERROR(INDEX(ROSTER!$AK$23:$AK$211,MATCH('3 (2)'!$B27,ROSTER!$B$23:$B$150,0),1),"") -> EA 787/321 | E27: =IFERROR(INDEX(ROSTER!$AL$23:$AL$211,MATCH('3 (2)'!$B27,ROSTER!$B$23:$B$150,0),1),"") -> 0937919456 | F27: Tool Ts5 | H27: =IF(I27="","",ROW(A20)) | I27: {=IFERROR(INDEX(ROSTER!$B$24:$B$150,MATCH(1,INDEX(($I$7=ROSTER!F$24:F$227)*(COUNTIFS(I$7:I26,ROSTER!$B$24:$B$150)=0),0,1),0),1),"")} | J27: =IFERROR(INDEX(ROSTER!$C$24:$C$227,MATCH('3 (2)'!$I27,ROSTER!$B$24:$B$150,0),1),"") | K27: =IFERROR(INDEX(ROSTER!$AK$23:$AK$211,MATCH('3 (2)'!$I27,ROSTER!$B$23:$B$150,0),1),"") | L27: =IFERROR(INDEX(ROSTER!$AL$23:$AL$211,MATCH('3 (2)'!$I27,ROSTER!$B$23:$B$150,0),1),"")
A28: 4 | B28: {=IFERROR(INDEX(ROSTER!$B$24:$B$150,MATCH(1,INDEX(($B$24=ROSTER!F$24:F$150)*(COUNTIFS(B$7:B27,ROSTER!$B$24:$B$150)=0),0,1),0),1),"")} -> Trần Anh Tuấn PKT | C28: =IFERROR(INDEX(ROSTER!$C$24:$C$150,MATCH('3 (2)'!$B28,ROSTER!$B$24:$B$150,0),1),"") -> VAE01351 | D28: =IFERROR(INDEX(ROSTER!$AK$23:$AK$211,MATCH('3 (2)'!$B28,ROSTER!$B$23:$B$150,0),1),"") -> B2 787/321 | E28: =IFERROR(INDEX(ROSTER!$AL$23:$AL$211,MATCH('3 (2)'!$B28,ROSTER!$B$23:$B$150,0),1),"") -> 0918056705 | F28: Leader/GSGT | I28: {=IFERROR(INDEX(ROSTER!$B$24:$B$150,MATCH(1,INDEX(($I$7=ROSTER!F$24:F$227)*(COUNTIFS(I$7:I27,ROSTER!$B$24:$B$150)=0),0,1),0),1),"")} | J28: =IFERROR(INDEX(ROSTER!$C$24:$C$227,MATCH('3 (2)'!$I28,ROSTER!$B$24:$B$150,0),1),"") | K28: =IFERROR(INDEX(ROSTER!$AK$23:$AK$211,MATCH('3 (2)'!$I28,ROSTER!$B$23:$B$150,0),1),"") | L28: =IFERROR(INDEX(ROSTER!$AL$23:$AL$211,MATCH('3 (2)'!$I28,ROSTER!$B$23:$B$150,0),1),"")
B29: {=IFERROR(INDEX(ROSTER!$B$24:$B$150,MATCH(1,INDEX(($B$24=ROSTER!F$24:F$150)*(COUNTIFS(B$7:B28,ROSTER!$B$24:$B$150)=0),0,1),0),1),"")} | C29: =IFERROR(INDEX(ROSTER!$C$24:$C$150,MATCH('3 (2)'!$B29,ROSTER!$B$24:$B$150,0),1),"") | D29: =IFERROR(INDEX(ROSTER!$AK$23:$AK$211,MATCH('3 (2)'!$B29,ROSTER!$B$23:$B$150,0),1),"") | E29: =IFERROR(INDEX(ROSTER!$AL$23:$AL$211,MATCH('3 (2)'!$B29,ROSTER!$B$23:$B$150,0),1),"") | H29: =IF(I29="","",ROW(A1)) | I29: {=IFERROR(INDEX(ROSTER!$B$24:$B$150,MATCH(1,INDEX(($I$7=ROSTER!F$24:F$227)*(COUNTIFS(I$7:I28,ROSTER!$B$24:$B$150)=0),0,1),0),1),"")} | J29: =IFERROR(INDEX(ROSTER!$C$24:$C$227,MATCH('3 (2)'!$I29,ROSTER!$B$24:$B$150,0),1),"") | K29: =IFERROR(INDEX(ROSTER!$AK$23:$AK$211,MATCH('3 (2)'!$I29,ROSTER!$B$23:$B$150,0),1),"") | L29: =IFERROR(INDEX(ROSTER!$AL$23:$AL$211,MATCH('3 (2)'!$I29,ROSTER!$B$23:$B$150,0),1),"") | O29: Test ACT/EMT
B30: {=IFERROR(INDEX(ROSTER!$B$24:$B$150,MATCH(1,INDEX(($B$24=ROSTER!F$24:F$150)*(COUNTIFS(B$7:B29,ROSTER!$B$24:$B$150)=0),0,1),0),1),"")} | C30: =IFERROR(INDEX(ROSTER!$C$24:$C$150,MATCH('3 (2)'!$B30,ROSTER!$B$24:$B$150,0),1),"") | D30: =IFERROR(INDEX(ROSTER!$AK$23:$AK$211,MATCH('3 (2)'!$B30,ROSTER!$B$23:$B$150,0),1),"") | E30: =IFERROR(INDEX(ROSTER!$AL$23:$AL$211,MATCH('3 (2)'!$B30,ROSTER!$B$23:$B$150,0),1),"") | H30: =IF(I30="","",ROW(A2)) | I30: {=IFERROR(INDEX(ROSTER!$B$24:$B$150,MATCH(1,INDEX(($I$7=ROSTER!F$24:F$227)*(COUNTIFS(I$7:I29,ROSTER!$B$24:$B$150)=0),0,1),0),1),"")} | J30: =IFERROR(INDEX(ROSTER!$C$24:$C$227,MATCH('3 (2)'!$I30,ROSTER!$B$24:$B$150,0),1),"") | K30: =IFERROR(INDEX(ROSTER!$AK$23:$AK$211,MATCH('3 (2)'!$I30,ROSTER!$B$23:$B$150,0),1),"") | L30: =IFERROR(INDEX(ROSTER!$AL$23:$AL$211,MATCH('3 (2)'!$I30,ROSTER!$B$23:$B$150,0),1),"") | O30: TERM
B31: {=IFERROR(INDEX(ROSTER!$B$24:$B$150,MATCH(1,INDEX(($B$24=ROSTER!F$24:F$150)*(COUNTIFS(B$7:B30,ROSTER!$B$24:$B$150)=0),0,1),0),1),"")} | C31: =IFERROR(INDEX(ROSTER!$C$24:$C$150,MATCH('3 (2)'!$B31,ROSTER!$B$24:$B$150,0),1),"") | D31: =IFERROR(INDEX(ROSTER!$AK$23:$AK$211,MATCH('3 (2)'!$B31,ROSTER!$B$23:$B$150,0),1),"") | E31: =IFERROR(INDEX(ROSTER!$AL$23:$AL$211,MATCH('3 (2)'!$B31,ROSTER!$B$23:$B$150,0),1),"") | H31: =IF(I31="","",ROW(A3)) | I31: {=IFERROR(INDEX(ROSTER!$B$24:$B$150,MATCH(1,INDEX(($I$7=ROSTER!F$24:F$227)*(COUNTIFS(I$7:I30,ROSTER!$B$24:$B$150)=0),0,1),0),1),"")} | J31: =IFERROR(INDEX(ROSTER!$C$24:$C$227,MATCH('3 (2)'!$I31,ROSTER!$B$24:$B$150,0),1),"") | K31: =IFERROR(INDEX(ROSTER!$AK$23:$AK$211,MATCH('3 (2)'!$I31,ROSTER!$B$23:$B$150,0),1),"") | L31: =IFERROR(INDEX(ROSTER!$AL$23:$AL$211,MATCH('3 (2)'!$I31,ROSTER!$B$23:$B$150,0),1),"") | O31: SAG
B32: {=IFERROR(INDEX(ROSTER!$B$24:$B$150,MATCH(1,INDEX(($B$24=ROSTER!F$24:F$150)*(COUNTIFS(B$7:B31,ROSTER!$B$24:$B$150)=0),0,1),0),1),"")} | C32: =IFERROR(INDEX(ROSTER!$C$24:$C$150,MATCH('3 (2)'!$B32,ROSTER!$B$24:$B$150,0),1),"") | D32: =IFERROR(INDEX(ROSTER!$C$24:$C$150,MATCH('3 (2)'!$B32,ROSTER!$B$24:$B$150,0),1),"") | E32: =IFERROR(INDEX(ROSTER!$C$24:$C$150,MATCH('3 (2)'!$B32,ROSTER!$B$24:$B$150,0),1),"") | F32: =IFERROR(INDEX(ROSTER!$C$24:$C$150,MATCH('3 (2)'!$B32,ROSTER!$B$24:$B$150,0),1),"") | H32: =IF(I32="","",ROW(A4)) | I32: {=IFERROR(INDEX(ROSTER!$B$24:$B$150,MATCH(1,INDEX(($I$7=ROSTER!F$24:F$227)*(COUNTIFS(I$7:I31,ROSTER!$B$24:$B$150)=0),0,1),0),1),"")} | J32: =IFERROR(INDEX(ROSTER!$C$24:$C$227,MATCH('3 (2)'!$I32,ROSTER!$B$24:$B$150,0),1),"") | K32: =IFERROR(INDEX(ROSTER!$AK$23:$AK$211,MATCH('3 (2)'!$I32,ROSTER!$B$23:$B$150,0),1),"") | L32: =IFERROR(INDEX(ROSTER!$AL$23:$AL$211,MATCH('3 (2)'!$I32,ROSTER!$B$23:$B$150,0),1),"") | O32: Tool Ts5
A33: =IF(B33="","",ROW(A1)) | B33: {=IFERROR(INDEX(ROSTER!$B$24:$B$150,MATCH(1,INDEX(($B$24=ROSTER!F$24:F$150)*(COUNTIFS(B$7:B32,ROSTER!$B$24:$B$150)=0),0,1),0),1),"")} | C33: =IFERROR(INDEX(ROSTER!$C$24:$C$150,MATCH('3 (2)'!$B33,ROSTER!$B$24:$B$150,0),1),"") | D33: =IFERROR(INDEX(ROSTER!$AK$23:$AK$211,MATCH('3 (2)'!$B33,ROSTER!$B$23:$B$150,0),1),"") | E33: =IFERROR(INDEX(ROSTER!$AL$23:$AL$211,MATCH('3 (2)'!$B33,ROSTER!$B$23:$B$150,0),1),"") | F33: =IFERROR(INDEX(ROSTER!$C$24:$C$150,MATCH('3 (2)'!$B33,ROSTER!$B$24:$B$150,0),1),"") | H33: =IF(I33="","",ROW(A5)) | I33: {=IFERROR(INDEX(ROSTER!$B$24:$B$150,MATCH(1,INDEX(($I$7=ROSTER!F$24:F$227)*(COUNTIFS(I$7:I32,ROSTER!$B$24:$B$150)=0),0,1),0),1),"")} | J33: =IFERROR(INDEX(ROSTER!$C$24:$C$227,MATCH('3 (2)'!$I33,ROSTER!$B$24:$B$150,0),1),"") | K33: =IFERROR(INDEX(ROSTER!$AK$23:$AK$211,MATCH('3 (2)'!$I33,ROSTER!$B$23:$B$150,0),1),"") | L33: =IFERROR(INDEX(ROSTER!$AL$23:$AL$211,MATCH('3 (2)'!$I33,ROSTER!$B$23:$B$150,0),1),"") | O33: Tool local
A34: =IF(B34="","",ROW(A2)) | B34: {=IFERROR(INDEX(ROSTER!$B$24:$B$150,MATCH(1,INDEX(($B$24=ROSTER!F$24:F$150)*(COUNTIFS(B$7:B33,ROSTER!$B$24:$B$150)=0),0,1),0),1),"")} | C34: =IFERROR(INDEX(ROSTER!$C$24:$C$150,MATCH('3 (2)'!$B34,ROSTER!$B$24:$B$150,0),1),"") | D34: =IFERROR(INDEX(ROSTER!$AK$23:$AK$211,MATCH('3 (2)'!$B34,ROSTER!$B$23:$B$150,0),1),"") | E34: =IFERROR(INDEX(ROSTER!$AL$23:$AL$211,MATCH('3 (2)'!$B34,ROSTER!$B$23:$B$150,0),1),"") | F34: =IFERROR(INDEX(ROSTER!$C$24:$C$150,MATCH('3 (2)'!$B34,ROSTER!$B$24:$B$150,0),1),"") | H34: =IF(I34="","",ROW(A6)) | I34: {=IFERROR(INDEX(ROSTER!$B$24:$B$150,MATCH(1,INDEX(($I$7=ROSTER!F$24:F$227)*(COUNTIFS(I$7:I33,ROSTER!$B$24:$B$150)=0),0,1),0),1),"")} | J34: =IFERROR(INDEX(ROSTER!$C$24:$C$227,MATCH('3 (2)'!$I34,ROSTER!$B$24:$B$150,0),1),"") | K34: =IFERROR(INDEX(ROSTER!$AK$23:$AK$211,MATCH('3 (2)'!$I34,ROSTER!$B$23:$B$150,0),1),"") | L34: =IFERROR(INDEX(ROSTER!$AL$23:$AL$211,MATCH('3 (2)'!$I34,ROSTER!$B$23:$B$150,0),1),"")
A35: =IF(B35="","",ROW(A3)) | B35: {=IFERROR(INDEX(ROSTER!$B$24:$B$150,MATCH(1,INDEX(($B$24=ROSTER!F$24:F$150)*(COUNTIFS(B$7:B34,ROSTER!$B$24:$B$150)=0),0,1),0),1),"")} | C35: =IFERROR(INDEX(ROSTER!$C$24:$C$150,MATCH('3 (2)'!$B35,ROSTER!$B$24:$B$150,0),1),"") | D35: =IFERROR(INDEX(ROSTER!$AK$23:$AK$211,MATCH('3 (2)'!$B35,ROSTER!$B$23:$B$150,0),1),"") | E35: =IFERROR(INDEX(ROSTER!$AL$23:$AL$211,MATCH('3 (2)'!$B35,ROSTER!$B$23:$B$150,0),1),"") | F35: =IFERROR(INDEX(ROSTER!$C$24:$C$150,MATCH('3 (2)'!$B35,ROSTER!$B$24:$B$150,0),1),"") | H35: =IF(I35="","",ROW(A7)) | I35: {=IFERROR(INDEX(ROSTER!$B$24:$B$150,MATCH(1,INDEX(($I$7=ROSTER!F$24:F$227)*(COUNTIFS(I$7:I34,ROSTER!$B$24:$B$150)=0),0,1),0),1),"")} | J35: =IFERROR(INDEX(ROSTER!$C$24:$C$227,MATCH('3 (2)'!$I35,ROSTER!$B$24:$B$150,0),1),"") | K35: =IFERROR(INDEX(ROSTER!$AK$23:$AK$211,MATCH('3 (2)'!$I35,ROSTER!$B$23:$B$150,0),1),"") | L35: =IFERROR(INDEX(ROSTER!$AL$23:$AL$211,MATCH('3 (2)'!$I35,ROSTER!$B$23:$B$150,0),1),"")
A36: =IF(B36="","",ROW(A4)) | B36: {=IFERROR(INDEX(ROSTER!$B$24:$B$150,MATCH(1,INDEX(($B$24=ROSTER!F$24:F$150)*(COUNTIFS(B$7:B35,ROSTER!$B$24:$B$150)=0),0,1),0),1),"")} | C36: =IFERROR(INDEX(ROSTER!$C$24:$C$150,MATCH('3 (2)'!$B36,ROSTER!$B$24:$B$150,0),1),"") | D36: =IFERROR(INDEX(ROSTER!$AK$23:$AK$211,MATCH('3 (2)'!$B36,ROSTER!$B$23:$B$150,0),1),"") | E36: =IFERROR(INDEX(ROSTER!$AL$23:$AL$211,MATCH('3 (2)'!$B36,ROSTER!$B$23:$B$150,0),1),"") | F36: =IFERROR(INDEX(ROSTER!$C$24:$C$150,MATCH('3 (2)'!$B36,ROSTER!$B$24:$B$150,0),1),"") | H36: =IF(I36="","",ROW(A8)) | I36: {=IFERROR(INDEX(ROSTER!$B$24:$B$150,MATCH(1,INDEX(($I$7=ROSTER!F$24:F$227)*(COUNTIFS(I$7:I35,ROSTER!$B$24:$B$150)=0),0,1),0),1),"")} | J36: =IFERROR(INDEX(ROSTER!$C$24:$C$227,MATCH('3 (2)'!$I36,ROSTER!$B$24:$B$150,0),1),"") | K36: =IFERROR(INDEX(ROSTER!$AK$23:$AK$211,MATCH('2'!$B36,ROSTER!$B$23:$B$150,0),1),"") | L36: =IFERROR(INDEX(ROSTER!$AL$23:$AL$211,MATCH('2'!$B36,ROSTER!$B$23:$B$150,0),1),"")
A37: =IF(B37="","",ROW(A5)) | B37: {=IFERROR(INDEX(ROSTER!$B$24:$B$150,MATCH(1,INDEX(($B$24=ROSTER!F$24:F$150)*(COUNTIFS(B$7:B36,ROSTER!$B$24:$B$150)=0),0,1),0),1),"")} | C37: =IFERROR(INDEX(ROSTER!$C$24:$C$150,MATCH('3 (2)'!$B37,ROSTER!$B$24:$B$150,0),1),"") | D37: =IFERROR(INDEX(ROSTER!$AK$23:$AK$211,MATCH('3 (2)'!$B37,ROSTER!$B$23:$B$150,0),1),"") | E37: =IFERROR(INDEX(ROSTER!$AL$23:$AL$211,MATCH('3 (2)'!$B37,ROSTER!$B$23:$B$150,0),1),"") | F37: =IFERROR(INDEX(ROSTER!$C$24:$C$150,MATCH('3 (2)'!$B37,ROSTER!$B$24:$B$150,0),1),"") | H37: =IF(I37="","",ROW(A27)) | I37: {=IFERROR(INDEX(ROSTER!$B$24:$B$150,MATCH(1,INDEX(($I$7=ROSTER!F$24:F$227)*(COUNTIFS(I$7:I36,ROSTER!$B$24:$B$150)=0),0,1),0),1),"")} | J37: =IFERROR(INDEX(ROSTER!$C$24:$C$227,MATCH('3 (2)'!$I37,ROSTER!$B$24:$B$150,0),1),"") | K37: =IFERROR(INDEX(ROSTER!$AK$23:$AK$211,MATCH('3 (2)'!$I37,ROSTER!$B$23:$B$150,0),1),"") | L37: =IFERROR(INDEX(ROSTER!$AL$23:$AL$211,MATCH('3 (2)'!$I37,ROSTER!$B$23:$B$150,0),1),"")
A38: =IF(B38="","",ROW(A6)) | B38: {=IFERROR(INDEX(ROSTER!$B$24:$B$150,MATCH(1,INDEX(($B$24=ROSTER!F$24:F$150)*(COUNTIFS(B$7:B37,ROSTER!$B$24:$B$150)=0),0,1),0),1),"")} | C38: =IFERROR(INDEX(ROSTER!$C$24:$C$150,MATCH('3 (2)'!$B38,ROSTER!$B$24:$B$150,0),1),"") | D38: =IFERROR(INDEX(ROSTER!$AK$23:$AK$211,MATCH('3 (2)'!$B38,ROSTER!$B$23:$B$150,0),1),"") | E38: =IFERROR(INDEX(ROSTER!$AL$23:$AL$211,MATCH('3 (2)'!$B38,ROSTER!$B$23:$B$150,0),1),"") | F38: =IFERROR(INDEX(ROSTER!$C$24:$C$150,MATCH('3 (2)'!$B38,ROSTER!$B$24:$B$150,0),1),"") | H38: =IF(I38="","",ROW(A28)) | I38: {=IFERROR(INDEX(ROSTER!$B$24:$B$150,MATCH(1,INDEX(($I$7=ROSTER!F$24:F$227)*(COUNTIFS(I$7:I37,ROSTER!$B$24:$B$150)=0),0,1),0),1),"")} | J38: =IFERROR(INDEX(ROSTER!$C$24:$C$227,MATCH('3 (2)'!$I38,ROSTER!$B$24:$B$150,0),1),"") | K38: =IFERROR(INDEX(ROSTER!$AK$23:$AK$211,MATCH('3 (2)'!$I38,ROSTER!$B$23:$B$150,0),1),"") | L38: =IFERROR(INDEX(ROSTER!$AL$23:$AL$211,MATCH('3 (2)'!$I38,ROSTER!$B$23:$B$150,0),1),"")
A39: =IF(B39="","",ROW(A7)) | B39: {=IFERROR(INDEX(ROSTER!$B$24:$B$150,MATCH(1,INDEX(($B$24=ROSTER!F$24:F$150)*(COUNTIFS(B$7:B38,ROSTER!$B$24:$B$150)=0),0,1),0),1),"")} | C39: =IFERROR(INDEX(ROSTER!$C$24:$C$150,MATCH('3 (2)'!$B39,ROSTER!$B$24:$B$150,0),1),"") | D39: =IFERROR(INDEX(ROSTER!$AK$23:$AK$211,MATCH('3 (2)'!$B39,ROSTER!$B$23:$B$150,0),1),"") | E39: =IFERROR(INDEX(ROSTER!$AL$23:$AL$211,MATCH('3 (2)'!$B39,ROSTER!$B$23:$B$150,0),1),"") | H39: =IF(I39="","",ROW(A29)) | I39: {=IFERROR(INDEX(ROSTER!$B$24:$B$150,MATCH(1,INDEX(($I$7=ROSTER!F$24:F$227)*(COUNTIFS(I$7:I38,ROSTER!$B$24:$B$150)=0),0,1),0),1),"")} | J39: =IFERROR(INDEX(ROSTER!$C$24:$C$227,MATCH('3 (2)'!$I39,ROSTER!$B$24:$B$150,0),1),"") | K39: =IFERROR(INDEX(ROSTER!$AK$23:$AK$211,MATCH('3 (2)'!$I39,ROSTER!$B$23:$B$150,0),1),"") | L39: =IFERROR(INDEX(ROSTER!$AL$23:$AL$211,MATCH('3 (2)'!$I39,ROSTER!$B$23:$B$150,0),1),"")
A40: =IF(B40="","",ROW(A8)) | B40: {=IFERROR(INDEX(ROSTER!$B$24:$B$150,MATCH(1,INDEX(($B$24=ROSTER!F$24:F$150)*(COUNTIFS(B$7:B39,ROSTER!$B$24:$B$150)=0),0,1),0),1),"")} | C40: =IFERROR(INDEX(ROSTER!$C$24:$C$150,MATCH('3 (2)'!$B40,ROSTER!$B$24:$B$150,0),1),"") | D40: =IFERROR(INDEX(ROSTER!$AK$23:$AK$211,MATCH('3 (2)'!$B40,ROSTER!$B$23:$B$150,0),1),"") | E40: =IFERROR(INDEX(ROSTER!$AL$23:$AL$211,MATCH('3 (2)'!$B40,ROSTER!$B$23:$B$150,0),1),"") | H40: =IF(I40="","",ROW(A12)) | I40: {=IFERROR(INDEX(ROSTER!$B$24:$B$150,MATCH(1,INDEX(($I$7=ROSTER!F$24:F$227)*(COUNTIFS(I$7:I39,ROSTER!$B$24:$B$150)=0),0,1),0),1),"")} | J40: =IFERROR(INDEX(ROSTER!$C$24:$C$227,MATCH('3 (2)'!$I40,ROSTER!$B$24:$B$150,0),1),"") | K40: =IFERROR(INDEX(ROSTER!$AK$23:$AK$211,MATCH('2'!$B40,ROSTER!$B$23:$B$150,0),1),"") | L40: =IFERROR(INDEX(ROSTER!$AL$23:$AL$211,MATCH('2'!$B40,ROSTER!$B$23:$B$150,0),1),"")
A41: =IF(B41="","",ROW(A9)) | B41: {=IFERROR(INDEX(ROSTER!$B$24:$B$150,MATCH(1,INDEX(($B$24=ROSTER!F$24:F$150)*(COUNTIFS(B$7:B40,ROSTER!$B$24:$B$150)=0),0,1),0),1),"")} | C41: =IFERROR(INDEX(ROSTER!$C$24:$C$150,MATCH('3 (2)'!$B41,ROSTER!$B$24:$B$150,0),1),"") | D41: =IFERROR(INDEX(ROSTER!$AK$23:$AK$211,MATCH('3 (2)'!$B41,ROSTER!$B$23:$B$150,0),1),"") | E41: =IFERROR(INDEX(ROSTER!$AL$23:$AL$211,MATCH('3 (2)'!$B41,ROSTER!$B$23:$B$150,0),1),"") | H41: =IF(I41="","",ROW(A31)) | I41: {=IFERROR(INDEX(ROSTER!$B$24:$B$150,MATCH(1,INDEX(($I$7=ROSTER!F$24:F$227)*(COUNTIFS(I$7:I40,ROSTER!$B$24:$B$150)=0),0,1),0),1),"")} | J41: =IFERROR(INDEX(ROSTER!$C$24:$C$227,MATCH('3 (2)'!$I41,ROSTER!$B$24:$B$150,0),1),"") | K41: =IFERROR(INDEX(ROSTER!$AK$23:$AK$211,MATCH('3 (2)'!$I41,ROSTER!$B$23:$B$150,0),1),"") | L41: =IFERROR(INDEX(ROSTER!$AL$23:$AL$211,MATCH('3 (2)'!$I41,ROSTER!$B$23:$B$150,0),1),"")
A42: =IF(B42="","",ROW(A10)) | B42: {=IFERROR(INDEX(ROSTER!$B$24:$B$150,MATCH(1,INDEX(($B$24=ROSTER!F$24:F$150)*(COUNTIFS(B$7:B41,ROSTER!$B$24:$B$150)=0),0,1),0),1),"")} | C42: =IFERROR(INDEX(ROSTER!$C$24:$C$150,MATCH('3 (2)'!$B42,ROSTER!$B$24:$B$150,0),1),"") | D42: =IFERROR(INDEX(ROSTER!$AK$23:$AK$211,MATCH('3 (2)'!$B42,ROSTER!$B$23:$B$150,0),1),"") | E42: =IFERROR(INDEX(ROSTER!$AL$23:$AL$211,MATCH('3 (2)'!$B42,ROSTER!$B$23:$B$150,0),1),"") | H42: =IF(I42="","",ROW(A32)) | I42: {=IFERROR(INDEX(ROSTER!$B$24:$B$150,MATCH(1,INDEX(($I$7=ROSTER!F$24:F$227)*(COUNTIFS(I$7:I41,ROSTER!$B$24:$B$150)=0),0,1),0),1),"")} | J42: =IFERROR(INDEX(ROSTER!$C$24:$C$227,MATCH('3 (2)'!$I42,ROSTER!$B$24:$B$150,0),1),"") | K42: =IFERROR(INDEX(ROSTER!$AK$23:$AK$211,MATCH('3 (2)'!$I42,ROSTER!$B$23:$B$150,0),1),"") | L42: =IFERROR(INDEX(ROSTER!$AL$23:$AL$211,MATCH('3 (2)'!$I42,ROSTER!$B$23:$B$150,0),1),"")
A43: =IF(B43="","",ROW(A11)) | B43: {=IFERROR(INDEX(ROSTER!$B$24:$B$150,MATCH(1,INDEX(($B$24=ROSTER!F$24:F$150)*(COUNTIFS(B$7:B42,ROSTER!$B$24:$B$150)=0),0,1),0),1),"")} | C43: =IFERROR(INDEX(ROSTER!$C$24:$C$150,MATCH('3 (2)'!$B43,ROSTER!$B$24:$B$150,0),1),"") | D43: =IFERROR(INDEX(ROSTER!$AK$23:$AK$211,MATCH('3 (2)'!$B43,ROSTER!$B$23:$B$150,0),1),"") | E43: =IFERROR(INDEX(ROSTER!$AL$23:$AL$211,MATCH('3 (2)'!$B43,ROSTER!$B$23:$B$150,0),1),"") | H43: =IF(I43="","",ROW(A33)) | I43: {=IFERROR(INDEX(ROSTER!$B$24:$B$150,MATCH(1,INDEX(($I$7=ROSTER!F$24:F$227)*(COUNTIFS(I$7:I42,ROSTER!$B$24:$B$150)=0),0,1),0),1),"")} | J43: =IFERROR(INDEX(ROSTER!$C$24:$C$227,MATCH('3 (2)'!$I43,ROSTER!$B$24:$B$150,0),1),"") | K43: =IFERROR(INDEX(ROSTER!$AK$23:$AK$211,MATCH('3 (2)'!$I43,ROSTER!$B$23:$B$150,0),1),"") | L43: =IFERROR(INDEX(ROSTER!$AL$23:$AL$211,MATCH('3 (2)'!$I43,ROSTER!$B$23:$B$150,0),1),"")
A44: =IF(B44="","",ROW(A12)) | B44: {=IFERROR(INDEX(ROSTER!$B$24:$B$150,MATCH(1,INDEX(($B$24=ROSTER!F$24:F$150)*(COUNTIFS(B$7:B43,ROSTER!$B$24:$B$150)=0),0,1),0),1),"")} | C44: =IFERROR(INDEX(ROSTER!$C$24:$C$150,MATCH('3 (2)'!$B44,ROSTER!$B$24:$B$150,0),1),"") | D44: =IFERROR(INDEX(ROSTER!$AK$23:$AK$211,MATCH('3 (2)'!$B44,ROSTER!$B$23:$B$150,0),1),"") | E44: =IFERROR(INDEX(ROSTER!$AL$23:$AL$211,MATCH('3 (2)'!$B44,ROSTER!$B$23:$B$150,0),1),"") | H44: =IF(I44="","",ROW(A21)) | I44: {=IFERROR(INDEX(ROSTER!$B$24:$B$150,MATCH(1,INDEX(($I$7=ROSTER!F$24:F$227)*(COUNTIFS(I$7:I43,ROSTER!$B$24:$B$150)=0),0,1),0),1),"")} | J44: =IFERROR(INDEX(ROSTER!$C$24:$C$227,MATCH('3 (2)'!$I44,ROSTER!$B$24:$B$150,0),1),"") | K44: =IFERROR(INDEX(ROSTER!$AK$23:$AK$211,MATCH('2'!$B44,ROSTER!$B$23:$B$150,0),1),"") | L44: =IFERROR(INDEX(ROSTER!$AL$23:$AL$211,MATCH('2'!$B44,ROSTER!$B$23:$B$150,0),1),"")
A45: =IF(B45="","",ROW(A18)) | B45: {=IFERROR(INDEX(ROSTER!$B$24:$B$150,MATCH(1,INDEX(($B$24=ROSTER!F$24:F$150)*(COUNTIFS(B$7:B44,ROSTER!$B$24:$B$150)=0),0,1),0),1),"")} | C45: =IFERROR(INDEX(ROSTER!$C$24:$C$150,MATCH('3 (2)'!$B45,ROSTER!$B$24:$B$150,0),1),"") | D45: =IFERROR(INDEX(ROSTER!$AK$23:$AK$211,MATCH('3 (2)'!$B45,ROSTER!$B$23:$B$150,0),1),"") | E45: =IFERROR(INDEX(ROSTER!$AL$23:$AL$211,MATCH('3 (2)'!$B45,ROSTER!$B$23:$B$150,0),1),"") | H45: =IF(I45="","",ROW(A35)) | I45: {=IFERROR(INDEX(ROSTER!$B$24:$B$150,MATCH(1,INDEX(($I$7=ROSTER!F$24:F$227)*(COUNTIFS(I$7:I44,ROSTER!$B$24:$B$150)=0),0,1),0),1),"")} | J45: =IFERROR(INDEX(ROSTER!$C$24:$C$227,MATCH('3 (2)'!$I45,ROSTER!$B$24:$B$150,0),1),"") | K45: =IFERROR(INDEX(ROSTER!$AK$23:$AK$211,MATCH('3 (2)'!$I45,ROSTER!$B$23:$B$150,0),1),"") | L45: =IFERROR(INDEX(ROSTER!$AL$23:$AL$211,MATCH('3 (2)'!$I45,ROSTER!$B$23:$B$150,0),1),"")

Sheet 3
A1: HCM BASE MAINTENANCE CENTER | F1: CLICK ON A/C TO RETURN ROSTER | L1: BS-F 34
A2: DAILY MAINTENANCE DISTRIBUTION
A3: A/C: | B3: =LEFT(VLOOKUP("A*",ROSTER!F24:F70,1,0),4) -> A869 | E3: =ROSTER!F24 -> 46145 | I3: SHIFT: | J3: 1
B4: FOREMAN: | C4: Nguyễn Đình Hiệt | D4: PHONE: | E4: =INDEX(ROSTER!$AL$25:$AL$211,MATCH('3'!C4,ROSTER!$B$25:$B$150,0),1) -> 0908206182 | I4: TECH SUPPORT | J4: =INDEX(ROSTER!$B$25:$B$150,MATCH("*TECH*",ROSTER!F$25:F$227,0),1) -> Huỳnh Tố Như | K4: PHONE: | L4: =INDEX(ROSTER!$AL$25:$AL$211,MATCH('3'!J4,ROSTER!$B$25:$B$150,0),1) -> 0702785789
B5: CRS C | C5: =INDEX(ROSTER!$B$25:$B$150,MATCH("*QC*",ROSTER!F$25:F$227,0),1) -> Trần Phương | D5: PHONE: | E5: =INDEX(ROSTER!$AL$25:$AL$211,MATCH('3'!C5,ROSTER!$B$25:$B$150,0),1) -> 84986222241 | I5: DOCK PLANNER: | J5: =INDEX(ROSTER!$B$25:$B$150,MATCH("*PPC*",ROSTER!F$25:F$227,0),1) -> Trần Hoàng Nhung | K5: PHONE: | L5: =INDEX(ROSTER!$AL$25:$AL$211,MATCH('3'!J5,ROSTER!$B$25:$B$150,0),1) -> 0906852989
A6: ORD | B6: NAME AND SURNAME | C6: VAECO ID | D6: POSITION | E6: PHONE | F6: REMARK | H6: ORD | I6: NAME AND SURNAME | J6: VAECO ID | K6: POSITION | L6: PHONE | M6: REMARK | O6: Trực VS
B7: =$B$3&"-EC" -> A869-EC | I7: =$B$3&"-EC@16H" -> A869-EC@16H | O7: Leader/GSGT
A8: =IF(B8="","",ROW(A1)) -> 1 | B8: {=IFERROR(INDEX(ROSTER!$B$24:$B$150,MATCH(1,INDEX(($B$7=ROSTER!F$24:F$150)*(COUNTIFS(B$7:B7,ROSTER!$B$24:$B$150)=0),0,1),0),1),"")} -> Đào Việt Hải | C8: =IFERROR(INDEX(ROSTER!$C$24:$C$150,MATCH('3'!$B8,ROSTER!$B$24:$B$150,0),1),"") -> VAE00708 | D8: =IFERROR(INDEX(ROSTER!$AK$23:$AK$211,MATCH('3'!$B8,ROSTER!$B$23:$B$150,0),1),"") -> B1 787 | E8: =IFERROR(INDEX(ROSTER!$AL$23:$AL$211,MATCH('3'!$B8,ROSTER!$B$23:$B$150,0),1),"") -> 0908630644 | F8: SAG | H8: =IF(I8="","",ROW(A1)) -> 1 | I8: {=IFERROR(INDEX(ROSTER!$B$24:$B$150,MATCH(1,INDEX(($I$7=ROSTER!F$24:F$227)*(COUNTIFS(I$7:I7,ROSTER!$B$24:$B$150)=0),0,1),0),1),"")} -> Hoàng Sơn Hà | J8: =IFERROR(INDEX(ROSTER!$C$24:$C$227,MATCH('3'!$I8,ROSTER!$B$24:$B$150,0),1),"") -> VAE00725 | K8: =IFERROR(INDEX(ROSTER!$AK$23:$AK$211,MATCH('3'!$I8,ROSTER!$B$23:$B$150,0),1),"") -> B1 787 | L8: =IFERROR(INDEX(ROSTER!$AL$23:$AL$211,MATCH('3'!$I8,ROSTER!$B$23:$B$150,0),1),"") -> 0904321509 | M8: LEADER/GSGT | O8: PI/Leader/GSGT
A9: =IF(B9="","",ROW(A2)) -> 2 | B9: {=IFERROR(INDEX(ROSTER!$B$24:$B$150,MATCH(1,INDEX(($B$7=ROSTER!F$24:F$150)*(COUNTIFS(B$7:B8,ROSTER!$B$24:$B$150)=0),0,1),0),1),"")} -> Hồ Sĩ Út | C9: =IFERROR(INDEX(ROSTER!$C$24:$C$150,MATCH('3'!$B9,ROSTER!$B$24:$B$150,0),1),"") -> VAE02854 | D9: =IFERROR(INDEX(ROSTER!$AK$23:$AK$211,MATCH('3'!$B9,ROSTER!$B$23:$B$150,0),1),"") -> B1 787 | E9: =IFERROR(INDEX(ROSTER!$AL$23:$AL$211,MATCH('3'!$B9,ROSTER!$B$23:$B$150,0),1),"") -> 0344242223 | F9: Leader/GSGT | H9: =IF(I9="","",ROW(A2)) -> 2 | I9: {=IFERROR(INDEX(ROSTER!$B$24:$B$150,MATCH(1,INDEX(($I$7=ROSTER!F$24:F$227)*(COUNTIFS(I$7:I8,ROSTER!$B$24:$B$150)=0),0,1),0),1),"")} -> Vũ Văn Mạnh | J9: =IFERROR(INDEX(ROSTER!$C$24:$C$227,MATCH('3'!$I9,ROSTER!$B$24:$B$150,0),1),"") -> VAE03240 | K9: =IFERROR(INDEX(ROSTER!$AK$23:$AK$211,MATCH('3'!$I9,ROSTER!$B$23:$B$150,0),1),"") -> B1 B787/A321 | L9: =IFERROR(INDEX(ROSTER!$AL$23:$AL$211,MATCH('3'!$I9,ROSTER!$B$23:$B$150,0),1),"") -> 0968697183
A10: =IF(B10="","",ROW(A3)) -> 3 | B10: {=IFERROR(INDEX(ROSTER!$B$24:$B$150,MATCH(1,INDEX(($B$7=ROSTER!F$24:F$150)*(COUNTIFS(B$7:B9,ROSTER!$B$24:$B$150)=0),0,1),0),1),"")} -> Lộc Đức Hiền | C10: =IFERROR(INDEX(ROSTER!$C$24:$C$150,MATCH('3'!$B10,ROSTER!$B$24:$B$150,0),1),"") -> VAE02379 | D10: =IFERROR(INDEX(ROSTER!$AK$23:$AK$211,MATCH('3'!$B10,ROSTER!$B$23:$B$150,0),1),"") -> B1 787 | E10: =IFERROR(INDEX(ROSTER!$AL$23:$AL$211,MATCH('3'!$B10,ROSTER!$B$23:$B$150,0),1),"") -> 0896961686 | H10: =IF(I10="","",ROW(A3)) -> 3 | I10: {=IFERROR(INDEX(ROSTER!$B$24:$B$150,MATCH(1,INDEX(($I$7=ROSTER!F$24:F$227)*(COUNTIFS(I$7:I9,ROSTER!$B$24:$B$150)=0),0,1),0),1),"")} -> Phạm Hồng Quân | J10: =IFERROR(INDEX(ROSTER!$C$24:$C$227,MATCH('3'!$I10,ROSTER!$B$24:$B$150,0),1),"") -> VAE01301 | K10: =IFERROR(INDEX(ROSTER!$AK$23:$AK$211,MATCH('3'!$I10,ROSTER!$B$23:$B$150,0),1),"") -> B2 787 | L10: =IFERROR(INDEX(ROSTER!$AL$23:$AL$211,MATCH('3'!$I10,ROSTER!$B$23:$B$150,0),1),"") -> 0983173064
A11: =IF(B11="","",ROW(A4)) -> 4 | B11: {=IFERROR(INDEX(ROSTER!$B$24:$B$150,MATCH(1,INDEX(($B$7=ROSTER!F$24:F$150)*(COUNTIFS(B$7:B10,ROSTER!$B$24:$B$150)=0),0,1),0),1),"")} -> Nguyễn Tiến Thịnh | C11: =IFERROR(INDEX(ROSTER!$C$24:$C$150,MATCH('3'!$B11,ROSTER!$B$24:$B$150,0),1),"") -> VAE02736 | D11: =IFERROR(INDEX(ROSTER!$AK$23:$AK$211,MATCH('3'!$B11,ROSTER!$B$23:$B$150,0),1),"") -> B2 787 | E11: =IFERROR(INDEX(ROSTER!$AL$23:$AL$211,MATCH('3'!$B11,ROSTER!$B$23:$B$150,0),1),"") -> 0907669646 | H11: =IF(I11="","",ROW(A4)) -> 4 | I11: {=IFERROR(INDEX(ROSTER!$B$24:$B$150,MATCH(1,INDEX(($I$7=ROSTER!F$24:F$227)*(COUNTIFS(I$7:I10,ROSTER!$B$24:$B$150)=0),0,1),0),1),"")} -> Cù Anh Tư | J11: =IFERROR(INDEX(ROSTER!$C$24:$C$227,MATCH('3'!$I11,ROSTER!$B$24:$B$150,0),1),"") -> VAE03095 | K11: =IFERROR(INDEX(ROSTER!$AK$23:$AK$211,MATCH('3'!$I11,ROSTER!$B$23:$B$150,0),1),"") -> QM EA | L11: =IFERROR(INDEX(ROSTER!$AL$23:$AL$211,MATCH('3'!$I11,ROSTER!$B$23:$B$150,0),1),"") -> 0984208181
A12: =IF(B12="","",ROW(A5)) -> 5 | B12: {=IFERROR(INDEX(ROSTER!$B$24:$B$150,MATCH(1,INDEX(($B$7=ROSTER!F$24:F$150)*(COUNTIFS(B$7:B11,ROSTER!$B$24:$B$150)=0),0,1),0),1),"")} -> Võ Tiến Dũng | C12: =IFERROR(INDEX(ROSTER!$C$24:$C$150,MATCH('3'!$B12,ROSTER!$B$24:$B$150,0),1),"") -> VAE00749 | D12: =IFERROR(INDEX(ROSTER!$AK$23:$AK$211,MATCH('3'!$B12,ROSTER!$B$23:$B$150,0),1),"") -> QM 787 | E12: =IFERROR(INDEX(ROSTER!$AL$23:$AL$211,MATCH('3'!$B12,ROSTER!$B$23:$B$150,0),1),"") -> 0375121297 | H12: =IF(I12="","",ROW(A5)) -> 5 | I12: {=IFERROR(INDEX(ROSTER!$B$24:$B$150,MATCH(1,INDEX(($I$7=ROSTER!F$24:F$227)*(COUNTIFS(I$7:I11,ROSTER!$B$24:$B$150)=0),0,1),0),1),"")} -> Đặng Quang Bảo | J12: =IFERROR(INDEX(ROSTER!$C$24:$C$227,MATCH('3'!$I12,ROSTER!$B$24:$B$150,0),1),"") -> VAE03610 | K12: =IFERROR(INDEX(ROSTER!$AK$23:$AK$211,MATCH('3'!$I12,ROSTER!$B$23:$B$150,0),1),"") -> QM PP | L12: =IFERROR(INDEX(ROSTER!$AL$23:$AL$211,MATCH('3'!$I12,ROSTER!$B$23:$B$150,0),1),"") -> 0326718845
A13: =IF(B13="","",ROW(A6)) -> 6 | B13: {=IFERROR(INDEX(ROSTER!$B$24:$B$150,MATCH(1,INDEX(($B$7=ROSTER!F$24:F$150)*(COUNTIFS(B$7:B12,ROSTER!$B$24:$B$150)=0),0,1),0),1),"")} -> Phạm Minh Tuấn | C13: =IFERROR(INDEX(ROSTER!$C$24:$C$150,MATCH('3'!$B13,ROSTER!$B$24:$B$150,0),1),"") -> VAE00763 | D13: =IFERROR(INDEX(ROSTER!$AK$23:$AK$211,MATCH('3'!$B13,ROSTER!$B$23:$B$150,0),1),"") -> QM 787 | E13: =IFERROR(INDEX(ROSTER!$AL$23:$AL$211,MATCH('3'!$B13,ROSTER!$B$23:$B$150,0),1),"") -> 0903128278 | H13: =IF(I13="","",ROW(A6)) -> 6 | I13: {=IFERROR(INDEX(ROSTER!$B$24:$B$150,MATCH(1,INDEX(($I$7=ROSTER!F$24:F$227)*(COUNTIFS(I$7:I12,ROSTER!$B$24:$B$150)=0),0,1),0),1),"")} -> Nguyễn Phan Hoàng Long | J13: =IFERROR(INDEX(ROSTER!$C$24:$C$227,MATCH('3'!$I13,ROSTER!$B$24:$B$150,0),1),"") -> VAE03596 | K13: =IFERROR(INDEX(ROSTER!$AK$23:$AK$211,MATCH('3'!$I13,ROSTER!$B$23:$B$150,0),1),"") -> QM AF | L13: =IFERROR(INDEX(ROSTER!$AL$23:$AL$211,MATCH('3'!$I13,ROSTER!$B$23:$B$150,0),1),"") -> 0967103203
A14: =IF(B14="","",ROW(A7)) -> 7 | B14: {=IFERROR(INDEX(ROSTER!$B$24:$B$150,MATCH(1,INDEX(($B$7=ROSTER!F$24:F$150)*(COUNTIFS(B$7:B13,ROSTER!$B$24:$B$150)=0),0,1),0),1),"")} -> Đặng Quốc Tú | C14: =IFERROR(INDEX(ROSTER!$C$24:$C$150,MATCH('3'!$B14,ROSTER!$B$24:$B$150,0),1),"") -> VAE00733 | D14: =IFERROR(INDEX(ROSTER!$AK$23:$AK$211,MATCH('3'!$B14,ROSTER!$B$23:$B$150,0),1),"") -> QM 787 | E14: =IFERROR(INDEX(ROSTER!$AL$23:$AL$211,MATCH('3'!$B14,ROSTER!$B$23:$B$150,0),1),"") -> 0988110968 | H14: =IF(I14="","",ROW(A7)) -> 7 | I14: {=IFERROR(INDEX(ROSTER!$B$24:$B$150,MATCH(1,INDEX(($I$7=ROSTER!F$24:F$227)*(COUNTIFS(I$7:I13,ROSTER!$B$24:$B$150)=0),0,1),0),1),"")} -> Vũ Quang Vinh | J14: =IFERROR(INDEX(ROSTER!$C$24:$C$227,MATCH('3'!$I14,ROSTER!$B$24:$B$150,0),1),"") -> VAE03617 | K14: =IFERROR(INDEX(ROSTER!$AK$23:$AK$211,MATCH('3'!$I14,ROSTER!$B$23:$B$150,0),1),"") -> QM AF | L14: =IFERROR(INDEX(ROSTER!$AL$23:$AL$211,MATCH('3'!$I14,ROSTER!$B$23:$B$150,0),1),"") -> 0773781627
A15: =IF(B15="","",ROW(A8)) -> 8 | B15: {=IFERROR(INDEX(ROSTER!$B$24:$B$150,MATCH(1,INDEX(($B$7=ROSTER!F$24:F$150)*(COUNTIFS(B$7:B14,ROSTER!$B$24:$B$150)=0),0,1),0),1),"")} -> Vũ Tuấn Tú | C15: =IFERROR(INDEX(ROSTER!$C$24:$C$150,MATCH('3'!$B15,ROSTER!$B$24:$B$150,0),1),"") -> VAE03602 | D15: =IFERROR(INDEX(ROSTER!$AK$23:$AK$211,MATCH('3'!$B15,ROSTER!$B$23:$B$150,0),1),"") -> QM AF | E15: =IFERROR(INDEX(ROSTER!$AL$23:$AL$211,MATCH('3'!$B15,ROSTER!$B$23:$B$150,0),1),"") -> 0774768007 | H15: =IF(I15="","",ROW(A8)) -> 8 | I15: {=IFERROR(INDEX(ROSTER!$B$24:$B$150,MATCH(1,INDEX(($I$7=ROSTER!F$24:F$227)*(COUNTIFS(I$7:I14,ROSTER!$B$24:$B$150)=0),0,1),0),1),"")} -> Trần Trung Tín | J15: =IFERROR(INDEX(ROSTER!$C$24:$C$227,MATCH('3'!$I15,ROSTER!$B$24:$B$150,0),1),"") -> VAE03612 | K15: =IFERROR(INDEX(ROSTER!$AK$23:$AK$211,MATCH('3'!$I15,ROSTER!$B$23:$B$150,0),1),"") -> QM AF | L15: =IFERROR(INDEX(ROSTER!$AL$23:$AL$211,MATCH('3'!$I15,ROSTER!$B$23:$B$150,0),1),"") -> 0834603606
A16: =IF(B16="","",ROW(A9)) -> 9 | B16: {=IFERROR(INDEX(ROSTER!$B$24:$B$150,MATCH(1,INDEX(($B$7=ROSTER!F$24:F$150)*(COUNTIFS(B$7:B15,ROSTER!$B$24:$B$150)=0),0,1),0),1),"")} -> Nguyễn Hữu Thắng | C16: =IFERROR(INDEX(ROSTER!$C$24:$C$150,MATCH('3'!$B16,ROSTER!$B$24:$B$150,0),1),"") -> VAE03620 | D16: =IFERROR(INDEX(ROSTER!$AK$23:$AK$211,MATCH('3'!$B16,ROSTER!$B$23:$B$150,0),1),"") -> EA 787/321 | E16: =IFERROR(INDEX(ROSTER!$AL$23:$AL$211,MATCH('3'!$B16,ROSTER!$B$23:$B$150,0),1),"") -> 0865855733 | H16: =IF(I16="","",ROW(A9)) -> 9 | I16: {=IFERROR(INDEX(ROSTER!$B$24:$B$150,MATCH(1,INDEX(($I$7=ROSTER!F$24:F$227)*(COUNTIFS(I$7:I15,ROSTER!$B$24:$B$150)=0),0,1),0),1),"")} -> Nguyễn Ngọc Đức | J16: =IFERROR(INDEX(ROSTER!$C$24:$C$227,MATCH('3'!$I16,ROSTER!$B$24:$B$150,0),1),"") -> VAE04023 | K16: =IFERROR(INDEX(ROSTER!$AK$23:$AK$211,MATCH('3'!$I16,ROSTER!$B$23:$B$150,0),1),"") -> MECH | L16: =IFERROR(INDEX(ROSTER!$AL$23:$AL$211,MATCH('3'!$I16,ROSTER!$B$23:$B$150,0),1),"") -> 0825070997
A17: =IF(B17="","",ROW(A10)) -> 10 | B17: {=IFERROR(INDEX(ROSTER!$B$24:$B$150,MATCH(1,INDEX(($B$7=ROSTER!F$24:F$150)*(COUNTIFS(B$7:B16,ROSTER!$B$24:$B$150)=0),0,1),0),1),"")} -> Lê Phước Thanh | C17: =IFERROR(INDEX(ROSTER!$C$24:$C$150,MATCH('3'!$B17,ROSTER!$B$24:$B$150,0),1),"") -> VAE02598 | D17: =IFERROR(INDEX(ROSTER!$AK$23:$AK$211,MATCH('3'!$B17,ROSTER!$B$23:$B$150,0),1),"") -> MECH | E17: =IFERROR(INDEX(ROSTER!$AL$23:$AL$211,MATCH('3'!$B17,ROSTER!$B$23:$B$150,0),1),"") -> 0 | F17: Tool local/TS5 | H17: =IF(I17="","",ROW(A10)) -> 10 | I17: {=IFERROR(INDEX(ROSTER!$B$24:$B$150,MATCH(1,INDEX(($I$7=ROSTER!F$24:F$227)*(COUNTIFS(I$7:I16,ROSTER!$B$24:$B$150)=0),0,1),0),1),"")} -> Dương Minh Tuấn | J17: =IFERROR(INDEX(ROSTER!$C$24:$C$227,MATCH('3'!$I17,ROSTER!$B$24:$B$150,0),1),"") -> VAE04035 | K17: =IFERROR(INDEX(ROSTER!$AK$23:$AK$211,MATCH('3'!$I17,ROSTER!$B$23:$B$150,0),1),"") -> MECH | L17: =IFERROR(INDEX(ROSTER!$AL$23:$AL$211,MATCH('3'!$I17,ROSTER!$B$23:$B$150,0),1),"") -> 0938930981 | M17: Tool local/TS5
A18: =IF(B18="","",ROW(A11)) -> 11 | B18: {=IFERROR(INDEX(ROSTER!$B$24:$B$150,MATCH(1,INDEX(($B$7=ROSTER!F$24:F$150)*(COUNTIFS(B$7:B17,ROSTER!$B$24:$B$150)=0),0,1),0),1),"")} -> Hồ Zy Đan | C18: =IFERROR(INDEX(ROSTER!$C$24:$C$150,MATCH('3'!$B18,ROSTER!$B$24:$B$150,0),1),"") -> VAE04209 | D18: =IFERROR(INDEX(ROSTER!$AK$23:$AK$211,MATCH('3'!$B18,ROSTER!$B$23:$B$150,0),1),"") -> MECH | E18: =IFERROR(INDEX(ROSTER!$AL$23:$AL$211,MATCH('3'!$B18,ROSTER!$B$23:$B$150,0),1),"") -> 0348081971 | F18: Tool local/TS5 | H18: =IF(I18="","",ROW(A11)) -> 11 | I18: {=IFERROR(INDEX(ROSTER!$B$24:$B$150,MATCH(1,INDEX(($I$7=ROSTER!F$24:F$227)*(COUNTIFS(I$7:I17,ROSTER!$B$24:$B$150)=0),0,1),0),1),"")} -> Nguyễn Duy Khang | J18: =IFERROR(INDEX(ROSTER!$C$24:$C$227,MATCH('3'!$I18,ROSTER!$B$24:$B$150,0),1),"") -> VAE03607 | K18: =IFERROR(INDEX(ROSTER!$AK$23:$AK$211,MATCH('3'!$I18,ROSTER!$B$23:$B$150,0),1),"") -> QM AF | L18: =IFERROR(INDEX(ROSTER!$AL$23:$AL$211,MATCH('3'!$I18,ROSTER!$B$23:$B$150,0),1),"") -> 0935594624 | M18: Tool local/TS5
A19: =IF(B19="","",ROW(A12)) -> 12 | B19: {=IFERROR(INDEX(ROSTER!$B$24:$B$150,MATCH(1,INDEX(($B$7=ROSTER!F$24:F$150)*(COUNTIFS(B$7:B18,ROSTER!$B$24:$B$150)=0),0,1),0),1),"")} -> Nguyễn Quang Vinh | C19: =IFERROR(INDEX(ROSTER!$C$24:$C$150,MATCH('3'!$B19,ROSTER!$B$24:$B$150,0),1),"") -> VAE04206 | D19: =IFERROR(INDEX(ROSTER!$AK$23:$AK$211,MATCH('3'!$B19,ROSTER!$B$23:$B$150,0),1),"") -> 0 | E19: =IFERROR(INDEX(ROSTER!$AL$23:$AL$211,MATCH('3'!$B19,ROSTER!$B$23:$B$150,0),1),"") -> 0 | H19: =IF(I19="","",ROW(A12)) -> 12 | I19: {=IFERROR(INDEX(ROSTER!$B$24:$B$150,MATCH(1,INDEX(($I$7=ROSTER!F$24:F$227)*(COUNTIFS(I$7:I18,ROSTER!$B$24:$B$150)=0),0,1),0),1),"")} -> Nguyễn Quang Chính | J19: =IFERROR(INDEX(ROSTER!$C$24:$C$227,MATCH('3'!$I19,ROSTER!$B$24:$B$150,0),1),"") -> VAE01375 | K19: =IFERROR(INDEX(ROSTER!$AK$23:$AK$211,MATCH('3'!$I19,ROSTER!$B$23:$B$150,0),1),"") -> B1 787 | L19: =IFERROR(INDEX(ROSTER!$AL$23:$AL$211,MATCH('3'!$I19,ROSTER!$B$23:$B$150,0),1),"") -> 0
A20: =IF(B20="","",ROW(A13)) -> 13 | B20: {=IFERROR(INDEX(ROSTER!$B$24:$B$150,MATCH(1,INDEX(($B$7=ROSTER!F$24:F$150)*(COUNTIFS(B$7:B19,ROSTER!$B$24:$B$150)=0),0,1),0),1),"")} -> Đặng Phương Nam | C20: =IFERROR(INDEX(ROSTER!$C$24:$C$150,MATCH('3'!$B20,ROSTER!$B$24:$B$150,0),1),"") -> VAE04213 | D20: =IFERROR(INDEX(ROSTER!$AK$23:$AK$211,MATCH('3'!$B20,ROSTER!$B$23:$B$150,0),1),"") -> 0 | E20: =IFERROR(INDEX(ROSTER!$AL$23:$AL$211,MATCH('3'!$B20,ROSTER!$B$23:$B$150,0),1),"") -> 0 | F20: Tool local/TS5 | H20: =IF(I20="","",ROW(A13)) -> 13 | I20: {=IFERROR(INDEX(ROSTER!$B$24:$B$150,MATCH(1,INDEX(($I$7=ROSTER!F$24:F$227)*(COUNTIFS(I$7:I19,ROSTER!$B$24:$B$150)=0),0,1),0),1),"")} -> Châu Nghi | J20: =IFERROR(INDEX(ROSTER!$C$24:$C$227,MATCH('3'!$I20,ROSTER!$B$24:$B$150,0),1),"") -> HVTT | K20: =IFERROR(INDEX(ROSTER!$AK$23:$AK$211,MATCH('3'!$I20,ROSTER!$B$23:$B$150,0),1),"") -> 0 | L20: =IFERROR(INDEX(ROSTER!$AL$23:$AL$211,MATCH('3'!$I20,ROSTER!$B$23:$B$150,0),1),"") -> 0933221105 | M20: Tool local/TS5
A21: =IF(B21="","",ROW(A14)) -> 14 | B21: {=IFERROR(INDEX(ROSTER!$B$24:$B$150,MATCH(1,INDEX(($B$7=ROSTER!F$24:F$150)*(COUNTIFS(B$7:B20,ROSTER!$B$24:$B$150)=0),0,1),0),1),"")} -> Nguyễn Sinh Thái | C21: =IFERROR(INDEX(ROSTER!$C$24:$C$150,MATCH('3'!$B21,ROSTER!$B$24:$B$150,0),1),"") -> VAE04208 | D21: =IFERROR(INDEX(ROSTER!$AK$23:$AK$211,MATCH('3'!$B21,ROSTER!$B$23:$B$150,0),1),"") -> 0 | E21: =IFERROR(INDEX(ROSTER!$AL$23:$AL$211,MATCH('3'!$B21,ROSTER!$B$23:$B$150,0),1),"") -> 0 | F21: Tool local/TS5 | H21: =IF(I21="","",ROW(A14)) -> 14 | I21: {=IFERROR(INDEX(ROSTER!$B$24:$B$150,MATCH(1,INDEX(($I$7=ROSTER!F$24:F$227)*(COUNTIFS(I$7:I20,ROSTER!$B$24:$B$150)=0),0,1),0),1),"")} -> Nguyễn Quang Huy(Đ2) | J21: =IFERROR(INDEX(ROSTER!$C$24:$C$227,MATCH('3'!$I21,ROSTER!$B$24:$B$150,0),1),"") -> VAE04024 | K21: =IFERROR(INDEX(ROSTER!$AK$23:$AK$211,MATCH('3'!$I21,ROSTER!$B$23:$B$150,0),1),"") -> 0 | L21: =IFERROR(INDEX(ROSTER!$AL$23:$AL$211,MATCH('3'!$I21,ROSTER!$B$23:$B$150,0),1),"") -> 0 | M21: Tool local/TS5
A22: =IF(B22="","",ROW(A15)) -> 15 | B22: {=IFERROR(INDEX(ROSTER!$B$24:$B$150,MATCH(1,INDEX(($B$7=ROSTER!F$24:F$150)*(COUNTIFS(B$7:B21,ROSTER!$B$24:$B$150)=0),0,1),0),1),"")} -> Lê Minh Lộc | C22: =IFERROR(INDEX(ROSTER!$C$24:$C$150,MATCH('3'!$B22,ROSTER!$B$24:$B$150,0),1),"") -> VAE04030 | D22: =IFERROR(INDEX(ROSTER!$AK$23:$AK$211,MATCH('3'!$B22,ROSTER!$B$23:$B$150,0),1),"") -> 0 | E22: =IFERROR(INDEX(ROSTER!$AL$23:$AL$211,MATCH('3'!$B22,ROSTER!$B$23:$B$150,0),1),"") -> 0 | F22: Trực VS | H22: =IF(I22="","",ROW(A15)) -> 15 | I22: {=IFERROR(INDEX(ROSTER!$B$24:$B$150,MATCH(1,INDEX(($I$7=ROSTER!F$24:F$227)*(COUNTIFS(I$7:I21,ROSTER!$B$24:$B$150)=0),0,1),0),1),"")} -> Đỗ Quang Trường | J22: =IFERROR(INDEX(ROSTER!$C$24:$C$227,MATCH('3'!$I22,ROSTER!$B$24:$B$150,0),1),"") -> VAE04021 | K22: =IFERROR(INDEX(ROSTER!$AK$23:$AK$211,MATCH('3'!$I22,ROSTER!$B$23:$B$150,0),1),"") -> 0 | L22: =IFERROR(INDEX(ROSTER!$AL$23:$AL$211,MATCH('3'!$I22,ROSTER!$B$23:$B$150,0),1),"") -> 0 | M22: Trực VS
A23: =IF(B23="","",ROW(A16)) -> 16 | B23: {=IFERROR(INDEX(ROSTER!$B$24:$B$150,MATCH(1,INDEX(($B$7=ROSTER!F$24:F$150)*(COUNTIFS(B$7:B22,ROSTER!$B$24:$B$150)=0),0,1),0),1),"")} -> Nguyễn Ngọc Toàn | C23: =IFERROR(INDEX(ROSTER!$C$24:$C$150,MATCH('3'!$B23,ROSTER!$B$24:$B$150,0),1),"") -> VAE04210 | D23: =IFERROR(INDEX(ROSTER!$AK$23:$AK$211,MATCH('3'!$B23,ROSTER!$B$23:$B$150,0),1),"") -> 0 | E23: =IFERROR(INDEX(ROSTER!$AL$23:$AL$211,MATCH('3'!$B23,ROSTER!$B$23:$B$150,0),1),"") -> 0 | F23: Trực VS | H23: =IF(I23="","",ROW(A16)) -> 16 | I23: {=IFERROR(INDEX(ROSTER!$B$24:$B$150,MATCH(1,INDEX(($I$7=ROSTER!F$24:F$227)*(COUNTIFS(I$7:I22,ROSTER!$B$24:$B$150)=0),0,1),0),1),"")} -> Dương Tấn Hưng | J23: =IFERROR(INDEX(ROSTER!$C$24:$C$227,MATCH('3'!$I23,ROSTER!$B$24:$B$150,0),1),"") -> VAE04212 | K23: =IFERROR(INDEX(ROSTER!$AK$23:$AK$211,MATCH('3'!$I23,ROSTER!$B$23:$B$150,0),1),"") -> 0 | L23: =IFERROR(INDEX(ROSTER!$AL$23:$AL$211,MATCH('3'!$I23,ROSTER!$B$23:$B$150,0),1),"") -> 0 | M23: Trực VS
A24: =IF(B24="","",ROW(A17)) -> 17 | B24: {=IFERROR(INDEX(ROSTER!$B$24:$B$150,MATCH(1,INDEX(($B$7=ROSTER!F$24:F$150)*(COUNTIFS(B$7:B23,ROSTER!$B$24:$B$150)=0),0,1),0),1),"")} -> Lại Hợp Sơn | C24: =IFERROR(INDEX(ROSTER!$C$24:$C$150,MATCH('3'!$B24,ROSTER!$B$24:$B$150,0),1),"") -> VAE04202 | D24: =IFERROR(INDEX(ROSTER!$AK$23:$AK$211,MATCH('3'!$B24,ROSTER!$B$23:$B$150,0),1),"") -> 0 | E24: =IFERROR(INDEX(ROSTER!$AL$23:$AL$211,MATCH('3'!$B24,ROSTER!$B$23:$B$150,0),1),"") -> 0 | F24: Trực VS | H24: =IF(I24="","",ROW(A17)) -> 17 | I24: {=IFERROR(INDEX(ROSTER!$B$24:$B$150,MATCH(1,INDEX(($I$7=ROSTER!F$24:F$227)*(COUNTIFS(I$7:I23,ROSTER!$B$24:$B$150)=0),0,1),0),1),"")} -> Trần Bảo Long | J24: =IFERROR(INDEX(ROSTER!$C$24:$C$227,MATCH('3'!$I24,ROSTER!$B$24:$B$150,0),1),"") -> VAE04032 | K24: =IFERROR(INDEX(ROSTER!$AK$23:$AK$211,MATCH('3'!$I24,ROSTER!$B$23:$B$150,0),1),"") -> 0 | L24: =IFERROR(INDEX(ROSTER!$AL$23:$AL$211,MATCH('3'!$I24,ROSTER!$B$23:$B$150,0),1),"") -> 0 | M24: Trực VS
A25: =IF(B25="","",ROW(A18)) | B25: {=IFERROR(INDEX(ROSTER!$B$24:$B$150,MATCH(1,INDEX(($B$7=ROSTER!F$24:F$150)*(COUNTIFS(B$7:B24,ROSTER!$B$24:$B$150)=0),0,1),0),1),"")} | C25: =IFERROR(INDEX(ROSTER!$C$24:$C$150,MATCH('3'!$B25,ROSTER!$B$24:$B$150,0),1),"") | D25: =IFERROR(INDEX(ROSTER!$AK$23:$AK$211,MATCH('3'!$B25,ROSTER!$B$23:$B$150,0),1),"") | E25: =IFERROR(INDEX(ROSTER!$AL$23:$AL$211,MATCH('3'!$B25,ROSTER!$B$23:$B$150,0),1),"") | F25: Trực VS | H25: =IF(I25="","",ROW(A18)) -> 18 | I25: {=IFERROR(INDEX(ROSTER!$B$24:$B$150,MATCH(1,INDEX(($I$7=ROSTER!F$24:F$227)*(COUNTIFS(I$7:I24,ROSTER!$B$24:$B$150)=0),0,1),0),1),"")} -> Hoàng Nghĩa Thuận | J25: =IFERROR(INDEX(ROSTER!$C$24:$C$227,MATCH('3'!$I25,ROSTER!$B$24:$B$150,0),1),"") -> VAE04048 | K25: =IFERROR(INDEX(ROSTER!$AK$23:$AK$211,MATCH('3'!$I25,ROSTER!$B$23:$B$150,0),1),"") -> 0 | L25: =IFERROR(INDEX(ROSTER!$AL$23:$AL$211,MATCH('3'!$I25,ROSTER!$B$23:$B$150,0),1),"") -> 0 | M25: Trực VS
